Timestamp	Rect_id	Rect_x	Rect_y	Rect_W	Rect_H	Class
0.0
0.06841301918029785	9	462	252	172	99	['Lie']
0.10245871543884277	9	462	252	172	99	['Lie']
0.136915922164917	9	463	251	172	99	['Lie']
0.1719191074371338	9	463	251	172	99	['Lie']
0.2085561752319336	9	463	251	172	99	['Lie']
0.24097347259521484	9	463	251	172	99	['Lie']
0.2761695384979248	9	463	251	172	99	['Lie']
0.308502197265625	9	463	251	172	99	['Lie']
0.3433558940887451	9	456	252	175	101	['Lie']
0.3789968490600586	9	456	252	175	101	['Lie']
0.41161012649536133	9	456	252	175	101	['Lie']
0.44954347610473633	9	456	252	175	101	['Lie']
0.483060359954834	9	459	253	175	101	['Lie']
0.5170831680297852	9	457	253	175	101	['Lie']
0.5503170490264893	9	457	253	175	101	['Lie']
0.5848824977874756	9	457	253	175	101	['Lie']
0.6193423271179199	9	457	253	175	101	['Lie']
0.657768726348877	9	457	253	175	101	['Lie']
0.6932165622711182	9	457	253	175	101	['Lie']
0.7225813865661621	9	457	253	175	101	['Lie']
0.7583425045013428	9	457	253	175	101	['Lie']
0.7925190925598145	9	457	253	175	101	['Lie']
0.8363926410675049	9	457	253	175	101	['Lie']
0.8593969345092773	9	457	253	175	101	['Lie']
0.900489091873169	9	457	253	175	101	['Lie']
0.9346256256103516	9	457	253	175	101	['Lie']
0.9656908512115479	9	458	253	175	101	['Lie']
0.9999558925628662	9	458	253	175	101	['Lie']
1.0341389179229736	9	458	253	175	101	['Lie']
1.0668542385101318	9	458	253	175	101	['Lie']
1.1022467613220215	9	458	253	175	101	['Lie']
1.1442947387695312	9	458	253	175	101	['Lie']
1.1782357692718506	9	458	253	175	101	['Lie']
1.2119596004486084	9	458	253	175	101	['Lie']
1.2411656379699707	9	458	253	175	101	['Lie']
1.2810266017913818	9	458	253	175	101	['Lie']
1.312779188156128	9	458	253	175	101	['Lie']
1.3425297737121582	9	458	253	175	101	['Lie']
1.3803560733795166	9	458	253	175	101	['Lie']
1.4133226871490479	9	458	253	175	101	['Lie']
1.446655511856079	9	458	253	175	101	['Lie']
1.4813258647918701	9	458	253	175	101	['Lie']
1.5167481899261475	9	458	253	175	101	['Lie']
1.5506823062896729	9	458	253	175	101	['Lie']
1.59136962890625	9	458	253	175	101	['Lie']
1.6204445362091064	9	458	253	175	101	['Lie']
1.6567144393920898	9	458	253	175	101	['Lie']
1.687654733657837	9	458	252	175	106	['Lie']
1.7224435806274414	9	458	252	175	106	['Lie']
1.7589237689971924	9	458	252	175	106	['Lie']
1.7589237689971924	7	0	350	16	34	['Walk']
1.7948012351989746	9	458	252	175	106	['Lie']
1.7948012351989746	7	1	354	16	34	['Walk']
1.8285517692565918	9	458	252	175	106	['Lie']
1.8285517692565918	7	1	354	16	34	['Walk']
1.8654742240905762	9	456	248	183	108	['Lie']
1.8654742240905762	7	0	361	22	33	['Walk']
1.895547866821289	9	456	245	183	108	['Lie']
1.895547866821289	7	0	361	22	33	['Walk']
1.9302091598510742	9	456	245	183	108	['Lie']
1.9302091598510742	7	0	362	22	33	['Walk']
1.963329792022705	9	456	245	183	108	['Lie']
1.963329792022705	7	0	362	22	33	['Walk']
2.0000290870666504	9	456	245	183	108	['Lie']
2.0000290870666504	7	0	124	32	274	['Walk']
2.033385753631592	9	456	245	183	108	['Lie']
2.033385753631592	7	0	74	38	319	['Walk']
2.070131778717041	9	456	245	183	108	['Lie']
2.070131778717041	7	0	74	38	319	['Walk']
2.10317325592041	9	456	245	183	108	['Lie']
2.10317325592041	7	0	74	38	319	['Walk']
2.139601230621338	9	456	245	183	108	['Lie']
2.139601230621338	7	0	74	55	322	['Walk']
2.170745372772217	9	455	248	183	108	['Lie']
2.170745372772217	7	0	75	83	319	['Walk']
2.2079315185546875	9	455	248	183	108	['Lie']
2.2079315185546875	7	0	75	83	319	['Walk']
2.2390296459198	9	455	248	183	108	['Lie']
2.2390296459198	7	1	81	130	312	['Walk']
2.2736968994140625	9	455	248	183	108	['Lie']
2.2736968994140625	7	0	86	147	303	['Walk']
2.3302462100982666	9	455	248	183	108	['Lie']
2.3302462100982666	7	0	86	147	303	['Walk']
2.3576481342315674	9	455	248	183	108	['Lie']
2.3576481342315674	7	0	87	160	307	['Walk']
2.3834598064422607	9	455	248	183	108	['Lie']
2.3834598064422607	7	1	90	160	307	['Walk']
2.4148054122924805	9	455	248	183	108	['Lie']
2.4148054122924805	7	1	90	160	307	['Walk']
2.449629068374634	9	455	248	183	108	['Lie']
2.449629068374634	7	1	90	160	307	['Walk']
2.4842281341552734	9	455	248	183	108	['Lie']
2.4842281341552734	7	1	90	160	307	['Walk']
2.5175228118896484	9	455	248	183	108	['Lie']
2.5175228118896484	7	13	91	154	292	['Walk']
2.5507652759552	9	455	248	183	108	['Lie']
2.5507652759552	7	13	91	154	292	['Walk']
2.5855374336242676	9	455	248	183	108	['Lie']
2.5855374336242676	7	27	92	137	286	['Walk']
2.6194772720336914	9	455	248	183	108	['Lie']
2.6194772720336914	7	62	90	102	288	['Walk']
2.656641960144043	9	455	248	183	108	['Lie']
2.656641960144043	7	79	90	82	287	['Walk']
2.6867451667785645	9	455	248	183	108	['Lie']
2.6867451667785645	7	79	90	82	287	['Walk']
2.721226930618286	9	455	248	183	108	['Lie']
2.721226930618286	7	101	95	82	287	['Walk']
2.760005474090576	9	455	248	183	108	['Lie']
2.760005474090576	7	101	96	100	280	['Walk']
2.791299343109131	9	455	248	183	108	['Lie']
2.791299343109131	7	101	96	100	280	['Walk']
2.827305793762207	9	455	248	183	108	['Lie']
2.827305793762207	7	101	98	118	282	['Walk']
2.864762306213379	9	455	248	183	108	['Lie']
2.864762306213379	7	102	103	143	272	['Walk']
2.8956551551818848	9	455	248	183	108	['Lie']
2.8956551551818848	7	102	103	143	272	['Walk']
2.9302587509155273	9	455	248	183	108	['Lie']
2.9302587509155273	7	102	103	143	272	['Walk']
2.9637184143066406	9	455	248	183	108	['Lie']
2.9637184143066406	7	105	103	143	272	['Walk']
2.997936248779297	9	455	248	183	108	['Lie']
2.997936248779297	7	105	103	143	272	['Walk']
3.0374646186828613	9	455	248	183	108	['Lie']
3.0374646186828613	7	105	103	143	272	['Walk']
3.069770574569702	9	455	248	183	108	['Lie']
3.069770574569702	7	117	110	133	261	['Walk']
3.102327585220337	9	455	248	183	108	['Lie']
3.102327585220337	7	133	108	117	260	['Walk']
3.1349525451660156	9	455	248	183	108	['Lie']
3.1349525451660156	7	148	108	108	257	['Walk']
3.1720221042633057	9	455	248	183	108	['Lie']
3.1720221042633057	7	148	108	108	257	['Walk']
3.204754114151001	9	455	248	183	108	['Lie']
3.204754114151001	7	177	111	83	250	['Walk']
3.2400128841400146	9	455	248	183	108	['Lie']
3.2400128841400146	7	192	112	83	250	['Walk']
3.273927688598633	9	455	248	183	108	['Lie']
3.273927688598633	7	192	112	83	250	['Walk']
3.3087453842163086	9	455	248	183	108	['Lie']
3.3087453842163086	7	192	104	77	258	['Walk']
3.341341018676758	9	455	248	183	108	['Lie']
3.341341018676758	7	205	113	91	248	['Walk']
3.3763890266418457	9	455	248	183	108	['Lie']
3.3763890266418457	7	207	113	108	247	['Walk']
3.410667657852173	9	455	248	183	108	['Lie']
3.410667657852173	7	207	113	108	247	['Walk']
3.4604341983795166	9	455	248	183	108	['Lie']
3.4604341983795166	7	199	114	127	247	['Walk']
3.5157697200775146	9	455	248	183	108	['Lie']
3.5157697200775146	7	207	115	127	247	['Walk']
3.550004482269287	9	455	248	183	108	['Lie']
3.550004482269287	7	207	115	127	247	['Walk']
3.5868449211120605	9	455	248	183	108	['Lie']
3.5868449211120605	7	207	115	127	247	['Walk']
3.618410110473633	9	455	248	183	108	['Lie']
3.618410110473633	7	215	116	122	239	['Walk']
3.656572103500366	9	455	248	183	108	['Lie']
3.656572103500366	7	222	115	119	238	['Walk']
3.685786247253418	9	455	248	183	108	['Lie']
3.685786247253418	7	222	115	119	238	['Walk']
3.7215967178344727	9	455	248	183	108	['Lie']
3.7215967178344727	7	245	114	91	240	['Walk']
3.756392002105713	9	455	248	183	108	['Lie']
3.756392002105713	7	245	114	91	240	['Walk']
3.7933638095855713	9	455	248	183	108	['Lie']
3.7933638095855713	7	245	114	91	240	['Walk']
3.824652910232544	9	455	248	183	108	['Lie']
3.824652910232544	7	269	116	68	235	['Walk']
3.8603549003601074	9	455	248	183	108	['Lie']
3.8603549003601074	7	286	115	68	235	['Walk']
3.8935954570770264	9	458	251	180	107	['Lie']
3.8935954570770264	7	290	117	72	232	['Walk']
3.9301650524139404	9	458	251	180	107	['Lie']
3.9301650524139404	7	290	117	72	232	['Walk']
3.9649205207824707	9	458	251	180	107	['Lie']
3.9649205207824707	7	292	118	81	233	['Walk']
4.009934902191162	9	458	251	180	107	['Lie']
4.009934902191162	7	296	118	81	233	['Walk']
4.101511240005493	9	458	251	180	107	['Lie']
4.101511240005493	7	296	118	81	233	['Walk']
4.135668992996216	9	458	251	180	107	['Lie']
4.135668992996216	7	295	121	94	231	['Walk']
4.170599460601807	9	458	251	180	107	['Lie']
4.170599460601807	7	302	122	110	229	['Walk']
4.2069830894470215	9	458	251	180	107	['Lie']
4.2069830894470215	7	306	122	110	229	['Walk']
4.241478443145752	9	458	251	180	107	['Lie']
4.241478443145752	7	306	122	110	229	['Walk']
4.276628732681274	9	459	249	180	107	['Lie']
4.276628732681274	7	317	117	94	234	['Walk']
4.308604717254639	9	459	249	180	107	['Lie']
4.308604717254639	7	322	120	101	229	['Walk']
4.346791744232178	9	459	249	180	107	['Lie']
4.346791744232178	7	322	120	101	229	['Walk']
4.375986814498901	9	459	247	180	107	['Lie']
4.375986814498901	7	340	119	73	230	['Walk']
4.411265134811401	9	462	242	180	107	['Lie']
4.411265134811401	7	354	119	73	230	['Walk']
4.446775913238525	9	456	238	187	111	['Lie']
4.446775913238525	7	356	118	75	235	['Walk']
4.486443758010864	9	456	238	187	111	['Lie']
4.486443758010864	7	356	118	75	235	['Walk']
4.51386570930481	9	456	238	187	111	['Lie']
4.51386570930481	7	365	119	75	235	['Walk']
4.548724412918091	9	454	238	187	111	['Lie']
4.548724412918091	7	362	118	83	240	['Walk']
4.583510637283325	9	454	238	187	111	['Lie']
4.583510637283325	7	362	118	83	240	['Walk']
4.617398023605347	9	457	234	183	123	['Lie']
4.617398023605347	7	364	114	102	247	['Walk']
4.669667482376099	9	457	234	183	123	['Lie']
4.669667482376099	7	364	114	102	247	['Walk']
4.689772367477417	9	457	230	183	123	['Lie']
4.689772367477417	7	367	113	102	247	['Walk']
4.721461057662964	9	457	230	183	123	['Lie']
4.721461057662964	7	367	113	102	247	['Walk']
4.754979610443115	9	457	230	183	123	['Lie']
4.754979610443115	7	372	114	102	247	['Walk']
4.788856267929077	9	457	230	183	123	['Lie']
4.788856267929077	7	378	114	102	247	['Walk']
4.823505640029907	9	457	230	183	123	['Lie']
4.823505640029907	7	378	114	102	247	['Walk']
4.861353635787964	9	457	225	183	123	['Lie2Sit']
4.861353635787964	7	378	114	102	247	['Walk']
4.896810531616211	9	465	223	177	126	['Lie2Sit']
4.896810531616211	7	387	113	91	252	['Walk']
4.927959203720093	9	463	221	177	126	['Lie2Sit']
4.927959203720093	7	390	114	91	252	['Walk']
4.961448669433594	9	463	221	177	126	['Lie2Sit']
4.961448669433594	7	390	114	91	252	['Walk']
4.996241807937622	9	463	221	177	126	['Lie2Sit']
4.996241807937622	7	396	113	91	252	['Walk']
5.03016471862793	9	467	217	177	126	['Lie2Sit']
5.03016471862793	7	407	112	73	253	['Walk']
5.065852403640747	9	467	217	177	126	['Lie2Sit']
5.065852403640747	7	407	112	73	253	['Walk']
5.099231243133545	9	467	217	177	126	['Lie2Sit']
5.099231243133545	7	412	111	73	253	['Walk']
5.134431838989258	9	467	216	177	126	['Lie2Sit']
5.134431838989258	7	412	111	73	253	['Walk']
5.173591136932373	9	472	215	174	129	['Lie2Sit']
5.173591136932373	7	414	105	68	255	['Walk']
5.2069251537323	9	472	215	174	129	['Lie2Sit']
5.2069251537323	7	415	105	68	255	['Walk']
5.253809690475464	9	472	208	171	141	['Lie2Sit']
5.253809690475464	7	419	102	74	263	['Walk']
5.308509588241577	9	472	208	171	141	['Lie2Sit']
5.308509588241577	7	419	102	74	263	['Walk']
5.339895725250244	9	472	208	171	141	['Lie2Sit']
5.339895725250244	7	419	102	74	263	['Walk']
5.3776280879974365	9	472	208	171	141	['Lie2Sit']
5.3776280879974365	7	419	102	74	263	['Walk']
5.414095401763916	9	464	209	180	141	['Lie2Sit']
5.414095401763916	7	423	110	87	253	['Walk']
5.447716474533081	9	459	209	180	141	['Lie2Sit']
5.447716474533081	7	423	110	87	253	['Walk']
5.479856491088867	9	459	209	180	141	['Lie2Sit']
5.479856491088867	7	423	110	87	253	['Walk']
5.516814231872559	9	458	209	184	126	['Lie2Sit']
5.516814231872559	7	420	109	90	254	['Walk']
5.5483362674713135	9	458	209	184	126	['Lie2Sit']
5.5483362674713135	7	420	109	90	254	['Walk']
5.5825629234313965	9	458	209	184	126	['Lie2Sit']
5.5825629234313965	7	420	109	90	254	['Walk']
5.62174391746521	9	451	209	193	123	['Lie2Sit']
5.62174391746521	7	424	108	89	253	['Walk']
5.65137505531311	9	451	209	193	123	['Lie2Sit']
5.65137505531311	7	424	108	89	253	['Walk']
5.685226678848267	9	446	210	196	130	['Lie2Sit']
5.685226678848267	7	422	106	105	252	['Walk']
5.721126317977905	9	446	210	196	130	['Lie2Sit']
5.721126317977905	7	422	106	105	252	['Walk']
5.7585906982421875	9	439	210	207	143	['Lie2Sit']
5.7585906982421875	7	430	102	100	263	['Walk']
5.789179086685181	9	439	210	207	143	['Lie2Sit']
5.789179086685181	7	430	102	100	263	['Walk']
5.8261706829071045	9	440	212	207	143	['Lie2Sit']
5.8261706829071045	7	430	102	100	263	['Walk']
5.867031812667847	9	439	215	200	156	['Lie2Sit']
5.867031812667847	7	436	102	99	220	['Walk']
5.926728963851929	9	433	211	213	172	['Lie2Sit']
5.926728963851929	7	444	103	93	230	['Walk']
5.960414409637451	9	429	207	219	193	['Lie2Sit']
5.960414409637451	7	444	102	102	252	['Walk']
5.997167110443115	9	429	207	219	193	['Lie2Sit']
5.997167110443115	7	444	102	102	252	['Walk']
6.030436754226685	9	429	207	219	193	['Lie2Sit']
6.030436754226685	7	444	102	102	252	['Walk']
6.065101146697998	9	429	203	211	201	['Lie2Sit']
6.065101146697998	7	447	103	103	264	['Walk']
6.099629640579224	9	429	203	211	201	['Lie2Sit']
6.099629640579224	7	447	103	103	264	['Walk']
6.134882688522339	9	436	202	212	207	['Lie2Sit']
6.134882688522339	7	451	102	97	248	['Walk']
6.167474985122681	9	442	196	197	229	['Lie2Sit']
6.167474985122681	7	450	101	99	260	['Walk']
6.202895164489746	9	447	193	183	230	['Lie2Sit']
6.202895164489746	7	450	101	96	275	['Stand']
6.240828275680542	9	447	193	183	230	['Lie2Sit']
6.240828275680542	7	450	101	96	275	['Stand']
6.27440881729126	9	446	183	182	251	['Lie2Sit']
6.27440881729126	7	449	98	101	253	['Stand']
6.3087239265441895	9	450	187	180	234	['Lie2Sit']
6.3087239265441895	7	447	100	97	243	['Stand']
6.341398000717163	9	450	187	180	234	['Lie2Sit']
6.341398000717163	7	447	100	97	243	['Stand']
6.374748945236206	9	449	185	180	231	['Lie2Sit']
6.374748945236206	7	450	97	96	249	['Stand']
6.409740447998047	9	452	179	171	248	['Lie2Sit']
6.409740447998047	7	451	98	89	259	['Stand']
6.445801734924316	9	451	176	171	248	['Lie2Sit']
6.445801734924316	7	451	98	89	259	['Stand']
6.479314565658569	9	451	176	171	248	['Lie2Sit']
6.479314565658569	7	451	98	89	259	['Stand']
6.514937877655029	9	449	171	171	248	['Lie2Sit']
6.514937877655029	7	451	98	89	259	['Stand']
6.5470685958862305	9	449	171	171	248	['Lie2Sit']
6.5470685958862305	7	451	98	89	259	['Stand']
6.58189845085144	9	449	171	171	248	['Lie2Sit']
6.58189845085144	7	451	98	89	259	['Stand']
6.6161417961120605	9	449	173	174	255	['Lie2Sit']
6.6161417961120605	7	451	93	85	276	['Stand']
6.647448539733887	9	456	179	161	250	['Lie2Sit']
6.647448539733887	7	454	98	87	256	['Stand']
6.687267303466797	9	456	179	161	250	['Lie2Sit']
6.687267303466797	7	454	98	87	256	['Stand']
6.7199811935424805	9	456	179	161	250	['Lie2Sit']
6.7199811935424805	7	454	98	87	256	['Stand']
6.757766246795654	9	449	190	170	236	['Sit2Stand']
6.757766246795654	7	458	99	75	248	['Stand']
6.788371324539185	9	449	190	170	236	['Sit2Stand']
6.788371324539185	7	458	99	75	248	['Stand']
6.825307130813599	9	449	190	170	236	['Sit2Stand']
6.825307130813599	7	458	99	75	248	['Stand']
6.857496023178101	9	449	190	170	236	['Sit2Stand']
6.857496023178101	7	458	99	75	248	['Stand']
6.901097536087036	9	446	190	170	236	['Sit2Stand']
6.901097536087036	7	458	99	75	248	['Stand']
6.928034543991089	9	446	190	170	236	['Sit2Stand']
6.928034543991089	7	458	99	75	248	['Stand']
6.96407413482666	9	446	190	170	236	['Sit2Stand']
6.96407413482666	7	458	99	75	248	['Stand']
6.995448112487793	9	447	194	162	223	['Sit2Stand']
6.995448112487793	7	454	96	83	267	['Stand']
7.036833047866821	9	447	194	162	223	['Sit2Stand']
7.036833047866821	7	454	96	83	267	['Stand']
7.068301439285278	9	447	194	162	223	['Sit2Stand']
7.068301439285278	7	454	96	83	267	['Stand']
7.099127531051636	9	452	192	159	238	['Sit2Stand']
7.099127531051636	7	450	98	83	242	['Stand']
7.133156061172485	9	446	187	159	238	['Sit2Stand']
7.133156061172485	7	450	98	83	242	['Stand']
7.167538642883301	9	447	180	159	238	['Sit2Stand']
7.167538642883301	7	450	98	83	242	['Stand']
7.202708959579468	9	447	180	159	238	['Sit2Stand']
7.202708959579468	7	450	98	83	242	['Stand']
7.2356202602386475	9	444	176	159	244	['Sit2Stand']
7.2356202602386475	7	454	96	87	244	['Stand']
7.271218776702881	9	444	176	159	244	['Sit2Stand']
7.271218776702881	7	454	96	87	244	['Stand']
7.305154085159302	9	444	176	159	244	['Sit2Stand']
7.305154085159302	7	454	96	87	244	['Stand']
7.342586278915405	9	444	166	157	251	['Sit2Stand']
7.342586278915405	7	447	100	92	248	['Stand']
7.373305320739746	9	445	153	156	267	['Sit2Stand']
7.373305320739746	7	445	96	90	256	['Stand']
7.409546852111816	9	445	154	155	263	['Sit2Stand']
7.409546852111816	7	443	99	97	267	['Stand']
7.443004846572876	9	445	154	155	263	['Sit2Stand']
7.443004846572876	7	443	99	97	267	['Stand']
7.4855334758758545	9	443	148	153	272	['Sit2Stand']
7.4855334758758545	7	443	98	100	268	['Stand']
7.514081716537476	9	439	140	161	277	['Sit2Stand']
7.514081716537476	7	437	100	106	249	['Stand']
7.546471834182739	9	439	140	161	277	['Sit2Stand']
7.546471834182739	7	437	100	106	249	['Stand']
7.580455780029297	9	437	133	162	285	['Sit2Stand']
7.580455780029297	7	438	99	107	269	['Stand']
7.615006685256958	9	438	124	151	296	['Sit2Stand']
7.615006685256958	7	438	99	104	279	['Stand']
7.659469127655029	9	436	121	151	299	['Sit2Stand']
7.659469127655029	7	431	100	112	266	['Stand']
7.685830593109131	9	436	121	151	299	['Sit2Stand']
7.685830593109131	7	431	100	112	266	['Stand']
7.718410015106201	9	440	100	141	328	['Sit2Stand']
7.718410015106201	7	441	88	91	277	['Stand']
7.753774881362915	9	443	94	134	331	['Sit2Stand']
7.753774881362915	7	444	163	71	188	['Stand']
7.7867350578308105	9	443	94	134	331	['Sit2Stand']
7.7867350578308105	7	444	163	71	188	['Stand']
7.822455167770386	9	439	90	131	327	['Sit2Stand']
7.822455167770386	7	446	168	74	190	['Stand']
7.859449625015259	9	443	77	120	349	['Sit2Stand']
7.859449625015259	7	447	161	76	199	['Stand']
7.896756410598755	9	446	76	114	346	['Sit2Stand']
7.896756410598755	7	446	140	77	221	['Stand']
7.924715757369995	9	446	76	114	346	['Sit2Stand']
7.924715757369995	7	446	140	77	221	['Stand']
7.960513353347778	9	436	68	118	361	['Sit2Stand']
7.960513353347778	7	444	93	85	283	['Stand']
7.995245695114136	9	436	68	118	361	['Sit2Stand']
7.995245695114136	7	444	93	85	283	['Stand']
8.030400514602661	9	435	66	118	361	['Sit2Stand']
8.030400514602661	7	444	93	85	283	['Stand']
8.066551923751831	9	439	65	118	361	['Sit2Stand']
8.066551923751831	7	444	93	85	283	['Stand']
8.10020661354065	9	444	63	118	361	['Sit2Stand']
8.10020661354065	7	444	93	85	283	['Stand']
8.132467269897461	9	446	63	118	361	['Sit2Stand']
8.132467269897461	7	444	93	85	283	['Stand']
8.166580438613892	9	446	63	118	361	['Sit2Stand']
8.166580438613892	7	444	93	85	283	['Stand']
8.201160430908203	9	455	69	115	351	['Walk']
8.201160430908203	7	439	99	62	240	['Stand']
8.236305475234985	9	455	69	115	351	['Walk']
8.236305475234985	7	439	99	62	240	['Stand']
8.27837872505188	9	455	69	115	351	['Walk']
8.27837872505188	7	439	99	62	240	['Stand']
8.305768013000488	9	447	67	124	353	['Walk']
8.305768013000488	7	435	97	70	242	['Walk']
8.34020733833313	9	446	67	124	353	['Walk']
8.34020733833313	7	436	98	70	242	['Walk']
8.386489629745483	9	443	65	124	353	['Walk']
8.386489629745483	7	436	98	70	242	['Walk']
8.418938398361206	9	443	65	124	353	['Walk']
8.418938398361206	7	436	98	70	242	['Walk']
8.44405746459961	9	429	63	135	369	['Walk']
8.44405746459961	7	441	98	96	235	['Walk']
8.477797985076904	9	414	62	148	374	['Walk']
8.477797985076904	7	440	98	101	241	['Walk']
8.515009641647339	9	414	62	148	374	['Walk']
8.515009641647339	7	440	98	101	241	['Walk']
8.550013542175293	9	411	62	148	374	['Walk']
8.550013542175293	7	440	98	101	241	['Walk']
8.584763526916504	9	403	61	153	381	['Walk']
8.584763526916504	7	440	132	105	216	['Walk']
8.618446826934814	9	401	61	150	382	['Walk']
8.618446826934814	7	433	134	116	212	['Walk']
8.65031123161316	9	401	61	150	382	['Walk']
8.65031123161316	7	433	134	116	212	['Walk']
8.684561014175415	9	403	53	137	388	['Walk']
8.684561014175415	7	483	117	69	216	['Walk']
8.717342376708984	9	402	53	131	392	['Walk']
8.717342376708984	7	482	93	71	242	['Walk']
8.752735614776611	9	402	53	131	392	['Walk']
8.752735614776611	7	482	93	71	242	['Walk']
8.787651300430298	9	402	61	129	387	['Walk']
8.787651300430298	7	478	86	72	248	['Walk']
8.822954654693604	9	405	55	113	390	['Walk']
8.822954654693604	7	461	82	89	262	['Walk']
8.871199369430542	9	399	53	107	388	['Walk']
8.871199369430542	7	461	83	89	266	['Walk']
8.890807390213013	9	399	53	107	388	['Walk']
8.890807390213013	7	461	83	89	266	['Walk']
8.931578159332275	9	394	51	99	389	['Walk']
8.931578159332275	7	464	77	90	321	['Walk']
8.964658260345459	9	391	51	99	389	['Walk']
8.964658260345459	7	465	72	90	321	['Walk']
8.994370698928833	9	391	51	99	389	['Walk']
8.994370698928833	7	465	72	90	321	['Walk']
9.029396057128906	9	381	49	107	395	['Walk']
9.029396057128906	7	450	79	102	291	['Walk']
9.062509775161743	9	361	50	116	398	['Walk']
9.062509775161743	7	422	79	125	319	['Walk']
9.098522186279297	9	339	49	139	396	['Walk']
9.098522186279297	7	418	74	123	333	['Walk']
9.133832693099976	9	339	49	139	396	['Walk']
9.133832693099976	7	418	74	123	333	['Walk']
9.166213750839233	9	299	52	173	393	['Walk']
9.166213750839233	7	396	80	139	324	['Walk']
9.202516078948975	9	294	54	173	393	['Walk']
9.202516078948975	7	390	79	139	324	['Walk']
9.236223936080933	9	294	54	173	393	['Walk']
9.236223936080933	7	390	79	139	324	['Walk']
9.271844387054443	9	276	54	202	394	['Walk']
9.271844387054443	7	382	78	148	330	['Walk']
9.311220407485962	9	272	53	202	394	['Walk']
9.311220407485962	7	377	77	148	330	['Walk']
9.338823795318604	9	274	56	194	390	['Walk']
9.338823795318604	7	375	81	149	329	['Walk']
9.376327753067017	9	274	56	194	390	['Walk']
9.376327753067017	7	375	81	149	329	['Walk']
9.409878253936768	9	277	57	179	388	['Walk']
9.409878253936768	7	374	75	135	345	['Walk']
9.443585634231567	9	278	55	168	387	['Walk']
9.443585634231567	7	375	75	127	336	['Walk']
9.513158321380615	9	278	55	168	387	['Walk']
9.513158321380615	7	375	75	127	336	['Walk']
9.55428433418274	9	275	55	152	391	['Walk']
9.55428433418274	7	371	77	130	345	['Walk']
9.580393075942993	9	258	57	116	392	['Walk']
9.580393075942993	7	369	75	122	341	['Walk']
9.615216493606567	9	249	57	114	390	['Walk']
9.615216493606567	7	373	70	108	347	['Walk']
9.649481296539307	9	249	57	114	390	['Walk']
9.649481296539307	7	373	70	108	347	['Walk']
9.683996677398682	9	212	59	140	385	['Walk']
9.683996677398682	7	362	69	95	352	['Walk']
9.722427129745483	9	189	60	155	381	['Walk']
9.722427129745483	7	349	69	105	357	['Walk']
9.760462045669556	9	189	60	155	381	['Walk']
9.760462045669556	7	349	69	105	357	['Walk']
9.790485858917236	9	168	60	178	384	['Walk']
9.790485858917236	7	340	65	101	366	['Walk']
9.821073532104492	9	154	64	196	373	['Walk']
9.821073532104492	7	326	63	114	358	['Walk']
9.854925394058228	9	154	64	196	373	['Walk']
9.854925394058228	7	326	63	114	358	['Walk']
9.891710042953491	9	154	64	196	373	['Walk']
9.891710042953491	7	326	63	114	358	['Walk']
9.927501678466797	9	156	62	185	374	['Walk']
9.927501678466797	7	287	69	158	357	['Walk']
9.96488618850708	9	152	68	175	367	['Walk']
9.96488618850708	7	291	70	146	355	['Walk']
9.9967622756958	9	152	68	175	367	['Walk']
9.9967622756958	7	291	70	146	355	['Walk']
10.031932592391968	9	161	69	156	364	['Walk']
10.031932592391968	7	286	69	150	355	['Walk']
10.066359996795654	9	157	68	125	372	['Walk']
10.066359996795654	7	285	69	129	352	['Walk']
10.09886884689331	9	153	67	125	372	['Walk']
10.09886884689331	7	280	68	129	352	['Walk']
10.135899066925049	9	153	67	125	372	['Walk']
10.135899066925049	7	280	68	129	352	['Walk']
10.165815114974976	9	134	69	126	360	['Walk']
10.165815114974976	7	268	65	105	359	['Walk']
10.200267791748047	9	128	69	126	360	['Walk']
10.200267791748047	7	268	65	105	359	['Walk']
10.236652374267578	9	128	69	126	360	['Walk']
10.236652374267578	7	268	65	105	359	['Walk']
10.272315979003906	9	117	69	134	357	['Walk']
10.272315979003906	7	254	62	114	361	['Walk']
10.306918382644653	9	103	75	145	354	['Walk']
10.306918382644653	7	247	64	123	364	['Walk']
10.337207078933716	9	95	77	146	348	['Walk']
10.337207078933716	7	239	63	122	360	['Walk']
10.372814416885376	9	95	77	146	348	['Walk']
10.372814416885376	7	239	63	122	360	['Walk']
10.408652305603027	9	88	80	147	346	['Walk']
10.408652305603027	7	224	64	134	362	['Walk']
10.443105459213257	9	88	80	147	346	['Walk']
10.443105459213257	7	218	65	134	362	['Walk']
10.47904372215271	9	88	80	147	346	['Walk']
10.47904372215271	7	218	65	134	362	['Walk']
10.515367269515991	9	87	82	137	338	['Walk']
10.515367269515991	7	215	75	135	357	['Walk']
10.546811819076538	9	87	81	126	340	['Walk']
10.546811819076538	7	213	74	126	351	['Walk']
10.579803943634033	9	89	84	122	331	['Walk']
10.579803943634033	7	201	72	133	354	['Walk']
10.613402366638184	9	89	84	122	331	['Walk']
10.613402366638184	7	201	72	133	354	['Walk']
10.648948431015015	9	93	87	106	314	['Walk']
10.648948431015015	7	201	75	124	348	['Walk']
10.683915138244629	9	93	88	104	314	['Walk']
10.683915138244629	7	195	80	115	334	['Walk']
10.723975419998169	9	93	88	104	314	['Walk']
10.723975419998169	7	195	80	115	334	['Walk']
10.754036664962769	9	96	90	96	318	['Walk']
10.754036664962769	7	193	78	105	336	['Walk']
10.78746747970581	9	92	90	96	318	['Walk']
10.78746747970581	7	184	76	105	336	['Walk']
10.820517301559448	9	89	90	96	318	['Walk']
10.820517301559448	7	178	76	105	336	['Walk']
10.85526180267334	9	89	90	96	318	['Walk']
10.85526180267334	7	178	76	105	336	['Walk']
10.896805763244629	9	84	93	91	300	['Walk']
10.896805763244629	7	168	83	111	320	['Walk']
10.924005508422852	9	81	93	91	300	['Walk']
10.924005508422852	7	164	82	111	320	['Walk']
10.958934307098389	9	81	93	91	300	['Walk']
10.958934307098389	7	164	82	111	320	['Walk']
10.994894742965698	9	82	98	86	291	['Walk']
10.994894742965698	7	165	86	107	326	['Walk']
11.030872344970703	9	78	100	89	288	['Walk']
11.030872344970703	7	169	87	98	316	['Walk']
11.063871383666992	9	74	96	88	286	['Walk']
11.063871383666992	7	166	89	101	316	['Walk']
11.09734845161438	9	74	96	88	286	['Walk']
11.09734845161438	7	166	89	101	316	['Walk']
11.13371467590332	9	69	100	91	277	['Walk']
11.13371467590332	7	164	94	100	309	['Walk']
11.16497802734375	9	63	100	91	277	['Walk']
11.16497802734375	7	164	94	100	309	['Walk']
11.203197717666626	9	63	100	91	277	['Walk']
11.203197717666626	7	164	94	100	309	['Walk']
11.2396879196167	9	56	103	100	271	['Walk']
11.2396879196167	7	161	98	91	301	['Walk']
11.269774675369263	9	54	102	100	271	['Walk']
11.269774675369263	7	156	94	91	301	['Walk']
11.307258129119873	9	46	103	114	273	['Walk']
11.307258129119873	7	143	99	111	286	['Walk']
11.35099196434021	9	46	103	114	273	['Walk']
11.35099196434021	7	143	99	111	286	['Walk']
11.398206949234009	9	46	108	106	265	['Walk']
11.398206949234009	7	138	98	111	285	['Walk']
11.44630765914917	9	46	108	106	265	['Walk']
11.44630765914917	7	134	97	111	285	['Walk']
11.478714942932129	9	46	108	106	265	['Walk']
11.478714942932129	7	134	97	111	285	['Walk']
11.514532089233398	9	52	112	105	259	['Walk']
11.514532089233398	7	140	102	107	280	['Walk']
11.546598196029663	9	59	112	93	259	['Walk']
11.546598196029663	7	144	107	97	274	['Walk']
11.579068899154663	9	64	115	86	258	['Walk']
11.579068899154663	7	142	106	101	272	['Walk']
11.613980531692505	9	64	115	86	258	['Walk']
11.613980531692505	7	142	106	101	272	['Walk']
11.647568225860596	9	68	114	85	249	['Walk']
11.647568225860596	7	149	106	93	278	['Walk']
11.683917045593262	9	64	118	86	246	['Walk']
11.683917045593262	7	151	111	91	266	['Walk']
11.717037439346313	9	64	118	86	246	['Walk']
11.717037439346313	7	151	111	91	266	['Walk']
11.749120950698853	9	70	119	85	244	['Walk']
11.749120950698853	7	155	113	85	263	['Walk']
11.787228345870972	9	70	119	85	244	['Walk']
11.787228345870972	7	155	113	85	263	['Walk']
11.820393085479736	9	70	119	85	244	['Walk']
11.820393085479736	7	160	112	85	263	['Walk']
11.853993654251099	9	70	119	85	244	['Walk']
11.853993654251099	7	160	112	85	263	['Walk']
11.889237403869629	9	77	121	78	232	['Walk']
11.889237403869629	7	156	116	91	256	['Walk']
11.922943115234375	9	77	121	78	232	['Walk']
11.922943115234375	7	156	116	91	256	['Walk']
11.957119226455688	9	77	121	78	232	['Walk']
11.957119226455688	7	156	116	91	256	['Walk']
11.993132591247559	9	77	121	78	232	['Walk']
11.993132591247559	7	156	116	91	256	['Walk']
12.029064416885376	9	77	121	78	232	['Walk']
12.029064416885376	7	165	114	91	256	['Walk']
12.06184434890747	9	77	121	78	232	['Walk']
12.06184434890747	7	165	114	91	256	['Walk']
12.095998525619507	9	77	121	78	232	['Walk']
12.095998525619507	7	165	114	91	256	['Walk']
12.130159139633179	9	81	130	72	222	['Walk']
12.130159139633179	7	169	123	88	231	['Walk']
12.165153741836548	9	81	130	72	222	['Walk']
12.165153741836548	7	167	120	88	231	['Walk']
12.198269367218018	9	81	130	72	222	['Walk']
12.198269367218018	7	167	120	88	231	['Walk']
12.235875844955444	9	83	130	72	222	['Walk']
12.235875844955444	7	167	120	88	231	['Walk']
12.268846035003662	9	83	130	72	222	['Walk']
12.268846035003662	7	167	120	88	231	['Walk']
12.303069114685059	9	83	130	72	222	['Walk']
12.303069114685059	7	167	120	88	231	['Walk']
12.338854551315308	9	83	130	72	222	['Walk']
12.338854551315308	7	167	120	88	231	['Walk']
12.371239185333252	9	87	131	71	207	['Walk']
12.371239185333252	7	167	126	88	225	['Walk']
12.405408143997192	9	87	131	71	207	['Walk']
12.405408143997192	7	167	126	88	225	['Walk']
12.439157724380493	9	87	131	71	207	['Walk']
12.439157724380493	7	167	126	88	225	['Walk']
12.475647687911987	9	87	131	71	207	['Walk']
12.475647687911987	7	167	126	88	225	['Walk']
12.509208679199219	9	87	131	71	207	['Walk']
12.509208679199219	7	167	126	88	225	['Walk']
12.544904470443726	9	87	131	71	207	['Walk']
12.544904470443726	7	167	126	88	225	['Walk']
12.578542470932007	9	87	131	71	207	['Walk']
12.578542470932007	7	167	126	88	225	['Walk']
12.614537477493286	9	87	131	71	207	['Walk']
12.614537477493286	7	167	126	88	225	['Walk']
12.647230625152588	9	94	131	66	209	['Stand']
12.647230625152588	7	170	129	79	214	['Walk']
12.682843923568726	9	94	131	66	209	['Stand']
12.682843923568726	7	170	129	79	214	['Walk']
12.71712613105774	9	94	131	66	209	['Stand']
12.71712613105774	7	170	129	79	214	['Walk']
12.750845909118652	9	94	131	66	209	['Stand']
12.750845909118652	7	170	129	79	214	['Walk']
12.787428855895996	9	94	131	66	209	['Stand']
12.787428855895996	7	170	129	79	214	['Walk']
12.82094144821167	9	94	131	66	209	['Stand']
12.82094144821167	7	170	129	79	214	['Walk']
12.857362747192383	9	94	131	66	209	['Stand']
12.857362747192383	7	171	129	79	214	['Walk']
12.889187812805176	9	94	131	66	209	['Stand']
12.889187812805176	7	171	129	79	214	['Walk']
12.925398588180542	9	94	131	66	209	['Stand']
12.925398588180542	7	171	129	79	214	['Walk']
12.957779169082642	9	94	131	66	209	['Stand']
12.957779169082642	7	171	129	79	214	['Walk']
12.992422103881836	9	94	131	66	209	['Stand']
12.992422103881836	7	171	129	79	214	['Walk']
13.028595924377441	9	94	131	66	209	['Stand']
13.028595924377441	7	171	129	79	214	['Walk']
13.063467741012573	9	94	131	66	209	['Stand']
13.063467741012573	7	171	129	79	214	['Walk']
13.09583592414856	9	94	131	66	209	['Stand']
13.09583592414856	7	171	129	79	214	['Walk']
13.128014087677002	9	97	133	62	204	['Stand']
13.128014087677002	7	179	134	65	207	['Walk']
13.166619300842285	9	94	131	66	209	['Stand']
13.166619300842285	7	171	129	79	214	['Walk']
13.198967456817627	9	90	135	70	202	['Stand']
13.198967456817627	7	175	130	75	214	['Walk']
13.233731269836426	9	90	135	70	202	['Stand']
13.233731269836426	7	175	130	75	214	['Walk']
13.270805835723877	9	90	135	70	202	['Stand']
13.270805835723877	7	175	130	75	214	['Walk']
13.301580667495728	9	90	135	70	202	['Stand']
13.301580667495728	7	175	130	75	214	['Walk']
13.336870670318604	9	90	135	70	202	['Stand']
13.336870670318604	7	175	130	75	214	['Walk']
13.370537996292114	9	90	135	70	202	['Stand']
13.370537996292114	7	180	136	67	204	['Walk']
13.405592679977417	9	90	135	70	202	['Stand']
13.405592679977417	7	180	136	67	204	['Walk']
13.439654111862183	9	90	135	70	202	['Stand']
13.439654111862183	7	180	136	67	204	['Walk']
13.474497556686401	9	90	135	70	202	['Stand']
13.474497556686401	7	180	136	67	204	['Walk']
13.508800983428955	9	90	135	70	202	['Stand']
13.508800983428955	7	180	136	67	204	['Walk']
13.542489051818848	9	90	135	70	202	['Stand']
13.542489051818848	7	180	136	67	204	['Walk']
13.577101707458496	9	90	135	70	202	['Stand']
13.577101707458496	7	180	136	67	204	['Stand']
13.61396598815918	9	90	135	70	202	['Stand']
13.61396598815918	7	180	136	67	204	['Stand']
13.646815299987793	9	90	135	70	202	['Stand']
13.646815299987793	7	180	136	67	204	['Stand']
13.681535959243774	9	90	135	70	202	['Stand']
13.681535959243774	7	180	136	67	204	['Stand']
13.715640783309937	9	90	135	70	202	['Stand']
13.715640783309937	7	180	136	67	204	['Stand']
13.749748468399048	9	90	135	70	202	['Stand']
13.749748468399048	7	191	141	54	200	['Stand']
13.785537958145142	9	90	135	70	202	['Stand']
13.785537958145142	7	190	141	54	200	['Stand']
13.819407939910889	9	90	135	70	202	['Stand']
13.819407939910889	7	190	140	54	200	['Stand']
13.853376865386963	9	90	135	70	202	['Stand']
13.853376865386963	7	190	140	54	200	['Stand']
13.888413429260254	9	90	135	70	202	['Stand']
13.888413429260254	7	190	140	54	200	['Stand']
13.922738790512085	9	90	135	70	202	['Stand']
13.922738790512085	7	190	140	54	200	['Stand']
13.956552982330322	9	90	135	70	202	['Stand']
13.956552982330322	7	190	140	54	200	['Stand']
13.990997314453125	9	90	135	70	202	['Stand']
13.990997314453125	7	190	140	54	200	['Stand']
14.024905443191528	9	90	135	70	202	['Stand']
14.024905443191528	7	192	140	54	200	['Stand']
14.062795639038086	9	90	135	70	202	['Stand']
14.062795639038086	7	192	140	54	200	['Stand']
14.094428062438965	9	90	135	70	202	['Stand']
14.094428062438965	7	192	140	54	200	['Stand']
14.128777742385864	9	90	135	70	202	['Stand']
14.128777742385864	7	192	140	54	200	['Stand']
14.163941144943237	9	90	135	70	202	['Stand']
14.163941144943237	7	192	140	54	200	['Stand']
14.198001146316528	9	90	135	70	202	['Stand']
14.198001146316528	7	192	140	54	200	['Stand']
14.234918117523193	9	90	135	70	202	['Stand']
14.234918117523193	7	192	140	54	200	['Stand']
14.267781734466553	9	90	135	70	202	['Stand']
14.267781734466553	7	192	140	54	200	['Stand']
14.302525758743286	9	90	135	70	202	['Stand']
14.302525758743286	7	192	139	54	200	['Stand']
14.335780143737793	9	90	135	70	202	['Stand']
14.335780143737793	7	192	139	54	200	['Stand']
14.373271465301514	9	90	133	70	202	['Stand']
14.373271465301514	7	192	139	54	200	['Stand']
14.408863067626953	9	90	133	70	202	['Stand']
14.408863067626953	7	192	139	54	200	['Stand']
14.439150094985962	9	90	133	70	202	['Stand']
14.439150094985962	7	192	139	54	200	['Stand']
14.475715398788452	9	90	133	70	202	['Stand']
14.475715398788452	7	192	139	54	200	['Stand']
14.510522603988647	9	90	133	70	202	['Stand']
14.510522603988647	7	192	139	54	200	['Stand']
14.545039176940918	9	90	133	70	202	['Stand']
14.545039176940918	7	192	139	54	200	['Stand']
14.57917833328247	9	90	133	70	202	['Stand']
14.57917833328247	7	192	139	54	200	['Stand']
14.613617420196533	9	90	133	70	202	['Stand']
14.613617420196533	7	192	139	54	200	['Stand']
14.64660358428955	9	90	133	70	202	['Stand']
14.64660358428955	7	192	139	54	200	['Stand']
14.681001424789429	9	90	133	70	202	['Stand']
14.681001424789429	7	192	139	54	200	['Stand']
14.714025497436523	9	90	133	70	202	['Stand']
14.714025497436523	7	192	139	54	200	['Stand']
14.7507963180542	9	90	133	70	202	['Stand']
14.7507963180542	7	192	139	54	200	['Stand']
14.79053807258606	9	90	133	70	202	['Stand']
14.79053807258606	7	192	139	54	200	['Stand']
14.819400787353516	9	92	135	70	202	['Stand']
14.819400787353516	7	192	139	54	200	['Stand']
14.853459596633911	9	92	135	70	202	['Stand']
14.853459596633911	7	192	139	54	200	['Stand']
14.888010740280151	9	92	135	70	202	['Stand']
14.888010740280151	7	192	139	54	200	['Stand']
14.92087197303772	9	92	135	70	202	['Stand']
14.92087197303772	7	192	139	54	200	['Stand']
14.955400466918945	9	92	135	70	202	['Stand']
14.955400466918945	7	192	139	54	200	['Stand']
14.991514205932617	9	92	135	70	202	['Stand']
14.991514205932617	7	192	139	54	200	['Stand']
15.024731874465942	9	92	135	70	202	['Stand']
15.024731874465942	7	192	139	54	200	['Stand']
15.0593101978302	9	102	135	56	202	['Stand']
15.0593101978302	7	196	138	50	199	['Stand']
15.094053268432617	9	102	135	56	202	['Stand']
15.094053268432617	7	196	138	50	199	['Stand']
15.127692699432373	9	102	135	56	202	['Stand']
15.127692699432373	7	196	138	50	199	['Stand']
15.164451837539673	9	102	135	56	202	['Stand']
15.164451837539673	7	196	138	50	199	['Stand']
15.194806337356567	9	102	135	56	202	['Stand']
15.194806337356567	7	196	138	50	199	['Stand']
15.23191499710083	9	102	135	56	202	['Stand']
15.23191499710083	7	196	138	50	199	['Stand']
15.266155004501343	9	102	135	56	202	['Stand']
15.266155004501343	7	194	137	50	199	['Stand']
15.300964832305908	9	102	135	56	202	['Stand']
15.300964832305908	7	194	137	50	199	['Stand']
15.335477113723755	9	102	135	56	202	['Stand']
15.335477113723755	7	194	137	50	199	['Stand']
15.371720552444458	9	102	135	56	202	['Stand']
15.371720552444458	7	194	137	50	199	['Stand']
15.403121709823608	9	102	135	56	202	['Stand']
15.403121709823608	7	194	137	50	199	['Stand']
15.44117283821106	9	102	135	56	202	['Stand']
15.44117283821106	7	194	137	50	199	['Stand']
15.47436809539795	9	102	135	56	202	['Stand']
15.47436809539795	7	194	137	50	199	['Stand']
15.507523536682129	9	102	135	56	202	['Stand']
15.507523536682129	7	194	137	50	199	['Stand']
15.543537616729736	9	103	136	59	203	['Walk']
15.543537616729736	7	186	135	58	209	['Stand']
15.579617261886597	9	103	136	59	203	['Walk']
15.579617261886597	7	186	135	58	209	['Stand']
15.61133337020874	9	103	136	59	203	['Walk']
15.61133337020874	7	186	135	58	209	['Stand']
15.645030736923218	9	103	136	59	203	['Walk']
15.645030736923218	7	186	135	58	209	['Stand']
15.680175542831421	9	103	136	59	203	['Walk']
15.680175542831421	7	186	135	58	209	['Stand']
15.714219093322754	9	103	136	59	203	['Walk']
15.714219093322754	7	186	135	58	209	['Stand']
15.748333215713501	9	103	136	59	203	['Walk']
15.748333215713501	7	186	135	58	209	['Stand']
15.786761045455933	9	106	136	59	203	['Walk']
15.786761045455933	7	184	134	58	209	['Stand']
15.822326421737671	9	106	136	59	203	['Walk']
15.822326421737671	7	184	134	58	209	['Stand']
15.854887008666992	9	106	136	59	203	['Walk']
15.854887008666992	7	184	134	58	209	['Stand']
15.88606572151184	9	110	136	61	203	['Walk']
15.88606572151184	7	177	133	61	206	['Walk']
15.92947506904602	9	110	136	61	203	['Walk']
15.92947506904602	7	177	133	61	206	['Walk']
15.95971131324768	9	110	136	61	203	['Walk']
15.95971131324768	7	177	133	61	206	['Walk']
15.993739128112793	9	115	138	65	202	['Walk']
15.993739128112793	7	178	131	61	212	['Walk']
16.026134729385376	9	115	138	65	202	['Walk']
16.026134729385376	7	176	131	61	212	['Walk']
16.062288761138916	9	115	138	65	202	['Walk']
16.062288761138916	7	176	131	61	212	['Walk']
16.095309257507324	9	117	138	65	202	['Walk']
16.095309257507324	7	171	130	61	212	['Walk']
16.12993836402893	9	113	141	80	197	['Walk']
16.12993836402893	7	172	131	66	211	['Walk']
16.163536310195923	9	116	141	80	197	['Walk']
16.163536310195923	7	168	129	66	211	['Walk']
16.196960926055908	9	116	141	80	197	['Walk']
16.196960926055908	7	168	129	66	211	['Walk']
16.233078479766846	9	117	141	78	195	['Walk']
16.233078479766846	7	165	129	66	213	['Walk']
16.266184091567993	9	119	141	78	195	['Walk']
16.266184091567993	7	164	129	66	213	['Walk']
16.302581071853638	9	119	141	78	195	['Walk']
16.302581071853638	7	164	129	66	213	['Walk']
16.33427667617798	9	117	144	75	194	['Walk']
16.33427667617798	7	152	128	79	213	['Walk']
16.370473623275757	9	120	146	80	184	['Walk']
16.370473623275757	7	132	126	98	220	['Walk']
16.403308153152466	9	126	161	67	171	['Walk']
16.403308153152466	7	130	124	107	223	['Walk']
16.437712907791138	9	126	161	67	171	['Walk']
16.437712907791138	7	130	124	107	223	['Walk']
16.47403860092163	9	135	176	70	150	['Walk']
16.47403860092163	7	123	127	111	221	['Walk']
16.510578870773315	9	149	148	56	182	['Walk']
16.510578870773315	7	123	126	101	226	['Walk']
16.542821168899536	9	149	148	56	182	['Walk']
16.542821168899536	7	123	126	101	226	['Walk']
16.5815908908844	9	155	145	45	188	['Walk']
16.5815908908844	7	126	126	101	224	['Walk']
16.6106538772583	9	163	147	52	183	['Walk']
16.6106538772583	7	121	124	103	234	['Walk']
16.64662528038025	9	161	146	58	179	['Walk']
16.64662528038025	7	117	120	105	239	['Walk']
16.679641008377075	9	161	146	58	179	['Walk']
16.679641008377075	7	117	120	105	239	['Walk']
16.716729640960693	9	167	148	74	177	['Walk']
16.716729640960693	7	117	118	90	241	['Walk']
16.74991536140442	9	164	148	84	178	['Walk']
16.74991536140442	7	117	118	97	241	['Walk']
16.78304171562195	9	164	148	84	178	['Walk']
16.78304171562195	7	117	118	97	241	['Walk']
16.817665338516235	9	165	151	84	177	['Walk']
16.817665338516235	7	112	113	88	243	['Walk']
16.851961374282837	9	165	151	84	177	['Walk']
16.851961374282837	7	109	113	88	243	['Walk']
16.88746666908264	9	165	151	84	177	['Walk']
16.88746666908264	7	96	111	88	243	['Walk']
16.920275449752808	9	165	151	84	177	['Walk']
16.920275449752808	7	96	111	88	243	['Walk']
16.954833030700684	9	179	153	76	174	['Walk']
16.954833030700684	7	66	108	114	260	['Walk']
16.991462230682373	9	179	153	76	174	['Walk']
16.991462230682373	7	64	107	114	260	['Walk']
17.02516794204712	9	179	153	76	174	['Walk']
17.02516794204712	7	64	107	114	260	['Walk']
17.058830976486206	9	189	152	65	175	['Walk']
17.058830976486206	7	56	110	118	261	['Walk']
17.093076705932617	9	202	151	59	172	['Walk']
17.093076705932617	7	47	109	123	267	['Walk']
17.129215240478516	9	202	151	59	172	['Walk']
17.129215240478516	7	41	109	123	267	['Walk']
17.161585330963135	9	202	151	59	172	['Walk']
17.161585330963135	7	41	109	123	267	['Walk']
17.1975154876709	9	213	157	52	159	['Walk']
17.1975154876709	7	39	102	122	281	['Walk']
17.23254704475403	9	220	159	52	159	['Walk']
17.23254704475403	7	34	101	122	281	['Walk']
17.266050815582275	9	220	159	52	159	['Walk']
17.266050815582275	7	34	101	122	281	['Walk']
17.302581787109375	9	215	155	61	165	['Walk']
17.302581787109375	7	35	98	119	285	['Walk']
17.334141731262207	9	223	157	62	161	['Walk']
17.334141731262207	7	39	94	100	289	['Walk']
17.369608640670776	9	223	157	62	161	['Walk']
17.369608640670776	7	35	93	100	289	['Walk']
17.406494855880737	9	223	157	62	161	['Walk']
17.406494855880737	7	35	93	100	289	['Walk']
17.441664695739746	9	223	157	62	161	['Walk']
17.441664695739746	7	12	90	100	289	['Walk']
17.472895622253418	9	228	161	61	154	['Walk']
17.472895622253418	7	10	85	98	301	['Walk']
17.51095962524414	9	228	161	61	154	['Walk']
17.51095962524414	7	10	85	98	301	['Walk']
17.54396629333496	9	232	161	59	154	['Walk']
17.54396629333496	7	0	85	111	302	['Walk']
17.578294038772583	9	242	158	50	157	['Walk']
17.578294038772583	7	0	85	102	302	['Walk']
17.60968565940857	9	245	161	48	152	['Walk']
17.60968565940857	7	0	83	100	307	['Walk']
17.644012928009033	9	245	161	48	152	['Walk']
17.644012928009033	7	0	83	100	307	['Walk']
17.67907404899597	9	250	162	45	151	['Walk']
17.67907404899597	7	0	84	106	304	['Walk']
17.712952852249146	9	250	162	45	151	['Walk']
17.712952852249146	7	0	84	106	304	['Walk']
17.748475790023804	9	250	162	45	151	['Walk']
17.748475790023804	7	0	84	106	304	['Walk']
17.783432006835938	9	256	163	45	151	['Walk']
17.783432006835938	7	0	84	106	304	['Walk']
17.8167142868042	9	259	161	45	151	['Walk']
17.8167142868042	7	0	79	106	304	['Walk']
17.85136127471924	9	259	161	45	151	['Walk']
17.85136127471924	7	1	81	106	304	['Walk']
17.886169910430908	9	259	161	45	151	['Walk']
17.886169910430908	7	1	81	106	304	['Walk']
17.918965339660645	9	267	164	43	144	['Walk']
17.918965339660645	7	0	179	64	213	['Walk']
17.95412015914917	9	267	164	43	144	['Walk']
17.95412015914917	7	0	324	57	70	['Walk']
17.989777326583862	9	267	164	43	144	['Walk']
17.989777326583862	7	0	324	57	70	['Walk']
18.02326512336731	9	267	164	43	144	['Walk']
18.02326512336731	7	0	324	57	70	['Walk']
18.057604789733887	9	270	167	44	139	['Walk']
18.092194318771362	9	270	167	44	139	['Walk']
18.12794017791748	9	270	167	44	139	['Walk']
18.161248922348022	9	274	167	44	139	['Walk']
18.195927381515503	9	274	167	44	139	['Walk']
18.231459140777588	9	274	167	44	139	['Walk']
18.271594762802124	9	276	166	47	126	['Walk']
18.29968810081482	9	276	166	47	126	['Walk']
18.333733320236206	9	276	166	47	126	['Walk']
18.369205713272095	9	276	166	47	126	['Walk']
18.40286660194397	9	287	166	40	122	['Walk']
18.438396453857422	9	287	166	40	122	['Walk']
18.471906185150146	9	287	166	40	122	['Walk']
18.507729053497314	9	287	166	40	122	['Walk']
18.540879487991333	9	287	166	40	122	['Walk']
18.573814868927002	9	294	167	40	122	['Walk']
18.609143495559692	9	294	167	40	122	['Walk']
18.641179084777832	9	294	172	37	116	['Walk']
18.67830204963684	9	294	172	37	116	['Walk']
18.71677303314209	9	294	172	37	116	['Walk']
18.748610973358154	9	294	172	37	116	['Walk']
18.782217502593994	9	294	172	37	116	['Walk']
18.81649398803711	9	294	172	37	116	['Walk']
18.850446701049805	9	297	173	37	116	['Walk']
18.88881254196167	9	302	172	34	117	['Walk']
18.92125368118286	9	302	172	34	117	['Walk']
18.954303979873657	9	302	172	34	117	['Walk']
18.99152183532715	9	302	172	34	117	['Walk']
19.02751064300537	9	310	172	34	117	['Walk']
19.062085390090942	9	310	172	34	117	['Walk']
19.090691328048706	9	310	172	34	117	['Walk']
19.127211332321167	9	309	174	39	110	['Walk']
19.16222596168518	9	310	174	39	110	['Walk']
19.195817470550537	9	310	174	39	110	['Walk']
19.231484413146973	9	311	174	39	110	['Walk']
19.2665536403656	9	316	175	39	110	['Walk']
19.299883365631104	9	316	175	39	110	['Walk']
19.33685278892517	9	316	175	39	110	['Walk']
19.36802911758423	9	327	179	31	101	['Walk']
19.400603771209717	9	327	179	31	101	['Walk']
19.43548846244812	9	327	179	31	101	['Walk']
19.472995042800903	9	331	176	24	103	['Walk']
19.50402283668518	9	331	176	24	103	['Walk']
19.540875911712646	9	331	176	24	103	['Walk']
19.574227571487427	9	331	176	24	103	['Walk']
19.608425617218018	9	340	181	19	58	['Walk']
19.64493179321289	9	340	181	19	58	['Walk']
19.678738355636597	9	340	181	19	58	['Walk']
19.713912963867188	9	342	200	16	25	['Walk']
19.74580144882202
19.782533645629883
19.816511154174805
19.85063338279724
19.88678240776062
19.92129921913147
19.960252285003662
19.98836064338684
20.021618604660034
20.05811858177185
20.093979835510254
20.130037307739258
20.166065454483032
20.198557138442993
20.233050107955933
20.267341136932373
20.299749612808228
20.339619636535645
20.372354745864868
20.40620446205139
20.440884351730347
20.474546670913696
20.50562596321106
20.556068658828735
20.579206228256226
20.61231780052185
20.64738893508911
20.67988896369934
20.710153818130493
20.748589754104614
20.78595805168152
20.814684867858887
20.8493070602417
20.883243560791016
20.918370962142944
20.955374717712402
20.99112892150879
21.03117275238037
21.059207439422607
21.091129302978516
21.129453897476196
21.165039777755737
21.197164297103882
21.230472087860107
21.26362919807434
21.29722499847412
21.333738803863525
