Î—Timestamp	Rect_id	Rect_x	Rect_y	Rect_W	Rect_H	Class
0.0	19	537	272	33	24	['Lie']
0.06655073165893555	19	532	275	40	22	['Lie']
0.10066890716552734	19	532	275	40	22	['Lie']
0.1349196434020996	19	532	275	40	22	['Lie']
0.16952848434448242	19	532	275	40	22	['Lie']
0.20417404174804688	19	532	275	40	22	['Lie']
0.23962044715881348	19	532	275	40	22	['Lie']
0.27376556396484375	19	532	275	40	22	['Lie']
0.30721235275268555	19	532	275	40	22	['Lie']
0.34307098388671875	19	532	275	40	22	['Lie']
0.37625670433044434	19	532	275	40	22	['Lie']
0.4101443290710449	19	532	275	40	22	['Lie']
0.4462606906890869	19	532	275	40	22	['Lie']
0.48059988021850586	19	532	275	40	22	['Lie']
0.5153608322143555	19	532	275	40	22	['Lie']
0.5850591659545898	19	532	275	40	22	['Lie']
0.6172411441802979	19	532	275	40	22	['Lie']
0.6670832633972168	19	532	275	40	22	['Lie']
0.7263281345367432	19	532	275	40	22	['Lie']
0.7575047016143799	19	532	275	40	22	['Lie']
0.7911038398742676	19	532	275	40	22	['Lie']
0.8252699375152588	19	532	275	40	22	['Lie']
0.8686544895172119	19	532	275	40	22	['Lie']
0.8986108303070068	19	532	275	40	22	['Lie']
0.9295620918273926	19	532	275	40	22	['Lie']
0.9632585048675537	19	532	275	40	22	['Lie']
1.0031609535217285	19	532	275	40	22	['Lie']
1.0349912643432617	19	532	275	40	22	['Lie']
1.070352554321289	19	532	275	40	22	['Lie']
1.106067180633545	19	532	275	40	22	['Lie']
1.1357431411743164	19	532	275	40	22	['Lie']
1.1720848083496094	19	532	275	40	22	['Lie']
1.2119553089141846	19	532	275	40	22	['Lie']
1.2416982650756836	19	532	275	40	22	['Lie']
1.2747759819030762	19	532	275	40	22	['Lie']
1.3083274364471436	19	532	275	40	22	['Lie']
1.3448715209960938	19	532	275	40	22	['Lie']
1.3774292469024658	19	532	275	40	22	['Lie']
1.4172897338867188	19	532	275	40	22	['Lie']
1.4465923309326172	19	532	275	40	22	['Lie']
1.4796905517578125	19	532	275	40	22	['Lie']
1.5187404155731201	19	532	275	40	22	['Lie']
1.5491619110107422	19	532	275	40	22	['Lie']
1.583611249923706	19	532	275	40	22	['Lie']
1.622523307800293	19	532	275	40	22	['Lie']
1.6510627269744873	19	532	275	40	22	['Lie']
1.6861402988433838	19	532	275	40	22	['Lie']
1.7216551303863525	19	532	275	40	22	['Lie']
1.7548458576202393	19	532	275	40	22	['Lie']
1.8246791362762451	19	532	275	40	22	['Lie']
1.8586523532867432	19	532	275	40	22	['Lie']
1.8947863578796387	19	532	275	40	22	['Lie']
1.927690029144287	19	532	275	40	22	['Lie']
1.963447093963623	19	532	275	40	22	['Lie']
1.9996044635772705	19	532	275	40	22	['Lie']
2.0314443111419678	19	532	275	40	22	['Lie']
2.0695343017578125	19	532	275	40	22	['Lie']
2.105421781539917	19	532	275	40	22	['Lie']
2.135619640350342	19	532	275	40	22	['Lie']
2.169529914855957	19	532	275	40	22	['Lie']
2.202014923095703	19	532	275	40	22	['Lie']
2.236537218093872	19	532	275	40	22	['Lie']
2.271604299545288	19	532	275	40	22	['Lie']
2.3120555877685547	19	532	275	40	22	['Lie']
2.375422239303589	19	532	275	40	22	['Lie']
2.4209208488464355	19	532	275	40	22	['Lie']
2.447266101837158	19	532	275	40	22	['Lie']
2.4810214042663574	19	532	275	40	22	['Lie']
2.5136332511901855	19	532	275	40	22	['Lie']
2.550933361053467	19	532	275	40	22	['Lie']
2.583914041519165	19	532	275	40	22	['Lie']
2.6205787658691406	19	532	275	40	22	['Lie']
2.6557183265686035	19	532	275	40	22	['Lie']
2.6869192123413086	19	532	275	40	22	['Lie']
2.725637435913086	19	532	275	40	22	['Lie']
2.7570908069610596	19	532	275	40	22	['Lie']
2.7902703285217285	19	532	275	40	22	['Lie']
2.8262386322021484	19	532	275	40	22	['Lie']
2.85794997215271	19	532	275	40	22	['Lie']
2.8978700637817383	19	532	275	40	22	['Lie']
2.9287896156311035	19	532	275	40	22	['Lie']
2.960900068283081	19	532	275	40	22	['Lie']
2.998361349105835	19	532	275	40	22	['Lie']
3.0313169956207275	19	532	275	40	22	['Lie']
3.066431999206543	19	532	275	40	22	['Lie']
3.098207473754883	19	532	275	40	22	['Lie']
3.134103298187256	19	532	275	40	22	['Lie']
3.1699366569519043	19	532	275	40	22	['Lie']
3.203577995300293	19	532	275	40	22	['Lie']
3.2377965450286865	19	532	275	40	22	['Lie']
3.271146297454834	19	532	275	40	22	['Lie']
3.3097381591796875	19	532	275	40	22	['Lie']
3.342480421066284	19	532	275	40	22	['Lie']
3.342480421066284	16	1	26	10	49	['Walk']
3.374946117401123	19	532	275	40	22	['Lie']
3.374946117401123	16	0	24	17	67	['Walk']
3.4090116024017334	19	532	275	40	22	['Lie']
3.4090116024017334	16	0	24	17	67	['Walk']
3.4453115463256836	19	532	275	40	22	['Lie']
3.4453115463256836	16	0	24	37	376	['Walk']
3.478363513946533	19	532	275	40	22	['Lie']
3.478363513946533	16	1	25	85	378	['Walk']
3.551300287246704	19	532	275	40	22	['Lie']
3.551300287246704	16	1	29	96	369	['Walk']
3.5814809799194336	19	532	275	40	22	['Lie']
3.5814809799194336	16	1	29	96	369	['Walk']
3.6174867153167725	19	532	275	40	22	['Lie']
3.6174867153167725	16	1	39	117	350	['Walk']
3.6484220027923584	19	532	275	40	22	['Lie']
3.6484220027923584	16	0	44	125	349	['Walk']
3.686067819595337	19	532	275	40	22	['Lie']
3.686067819595337	16	0	44	125	349	['Walk']
3.7233142852783203	19	532	275	40	22	['Lie']
3.7233142852783203	16	1	42	125	349	['Walk']
3.7534563541412354	19	532	275	40	22	['Lie']
3.7534563541412354	16	0	51	127	337	['Walk']
3.787048816680908	19	532	275	40	22	['Lie']
3.787048816680908	16	0	51	127	337	['Walk']
3.822805881500244	19	532	275	40	22	['Lie']
3.822805881500244	16	0	51	127	337	['Walk']
3.8558390140533447	19	532	275	40	22	['Lie']
3.8558390140533447	16	0	52	133	360	['Walk']
3.910635471343994	19	532	275	40	22	['Lie']
3.910635471343994	16	0	52	133	360	['Walk']
3.9243195056915283	19	532	275	40	22	['Lie']
3.9243195056915283	16	0	52	133	360	['Walk']
3.9634485244750977	19	532	275	40	22	['Lie']
3.9634485244750977	16	0	52	133	360	['Walk']
3.996126890182495	19	532	275	40	22	['Lie']
3.996126890182495	16	41	51	99	349	['Walk']
4.030349254608154	19	532	275	40	22	['Lie']
4.030349254608154	16	54	54	94	345	['Walk']
4.073146343231201	19	532	275	40	22	['Lie']
4.073146343231201	16	54	54	94	345	['Walk']
4.101301193237305	19	532	275	40	22	['Lie']
4.101301193237305	16	64	57	117	332	['Walk']
4.130950212478638	19	532	275	40	22	['Lie']
4.130950212478638	16	71	58	126	332	['Walk']
4.169045925140381	19	532	275	40	22	['Lie']
4.169045925140381	16	71	58	126	332	['Walk']
4.207090377807617	19	532	275	40	22	['Lie']
4.207090377807617	16	67	60	147	327	['Walk']
4.2398457527160645	19	532	275	40	22	['Lie']
4.2398457527160645	16	66	64	164	327	['Walk']
4.273305892944336	19	532	275	40	22	['Lie']
4.273305892944336	16	71	64	164	327	['Walk']
4.306147813796997	19	532	275	40	22	['Lie']
4.306147813796997	16	71	64	164	327	['Walk']
4.339477300643921	19	532	275	40	22	['Lie']
4.339477300643921	16	73	71	165	317	['Walk']
4.374449968338013	19	532	275	40	22	['Lie']
4.374449968338013	16	75	70	165	317	['Walk']
4.410597562789917	19	532	275	40	22	['Lie']
4.410597562789917	16	75	70	165	317	['Walk']
4.444740295410156	19	532	275	40	22	['Lie']
4.444740295410156	16	74	74	169	309	['Walk']
4.479572534561157	19	532	275	40	22	['Lie']
4.479572534561157	16	82	74	156	305	['Walk']
4.515447616577148	19	532	275	40	22	['Lie']
4.515447616577148	16	88	74	156	305	['Walk']
4.5477213859558105	19	532	275	40	22	['Lie']
4.5477213859558105	16	88	74	156	305	['Walk']
4.581357002258301	19	532	275	40	22	['Lie']
4.581357002258301	16	105	76	142	295	['Walk']
4.615238666534424	19	532	275	40	22	['Lie']
4.615238666534424	16	115	75	128	299	['Walk']
4.651991844177246	19	532	275	40	22	['Lie']
4.651991844177246	16	115	75	128	299	['Walk']
4.68455696105957	19	532	275	40	22	['Lie']
4.68455696105957	16	130	76	120	298	['Walk']
4.717697620391846	19	532	275	40	22	['Lie']
4.717697620391846	16	153	77	102	300	['Walk']
4.7530577182769775	19	532	275	40	22	['Lie']
4.7530577182769775	16	169	75	89	297	['Walk']
4.787798881530762	19	532	275	40	22	['Lie']
4.787798881530762	16	169	75	89	297	['Walk']
4.8242106437683105	19	532	275	40	22	['Lie']
4.8242106437683105	16	177	77	89	297	['Walk']
4.858289480209351	19	532	275	40	22	['Lie']
4.858289480209351	16	185	80	89	297	['Walk']
4.890019178390503	19	532	275	40	22	['Lie']
4.890019178390503	16	185	80	89	297	['Walk']
4.925557613372803	19	532	275	40	22	['Lie']
4.925557613372803	16	188	81	89	297	['Walk']
4.959847450256348	19	532	275	40	22	['Lie']
4.959847450256348	16	188	87	103	289	['Walk']
4.9944257736206055	19	532	275	40	22	['Lie']
4.9944257736206055	16	190	87	103	289	['Walk']
5.029808044433594	19	532	275	40	22	['Lie']
5.029808044433594	16	190	87	103	289	['Walk']
5.062963962554932	19	532	275	40	22	['Lie']
5.062963962554932	16	190	91	107	280	['Walk']
5.098807334899902	19	532	275	40	22	['Lie']
5.098807334899902	16	190	91	107	280	['Walk']
5.138782978057861	19	532	275	40	22	['Lie']
5.138782978057861	16	190	91	107	280	['Walk']
5.165971279144287	19	532	275	40	22	['Lie']
5.165971279144287	16	194	91	107	280	['Walk']
5.202179193496704	19	532	275	40	22	['Lie']
5.202179193496704	16	212	90	95	279	['Walk']
5.237417459487915	19	532	275	40	22	['Lie']
5.237417459487915	16	216	90	95	279	['Walk']
5.269287347793579	19	532	275	40	22	['Lie']
5.269287347793579	16	216	90	95	279	['Walk']
5.309832811355591	19	532	275	40	22	['Lie']
5.309832811355591	16	235	88	84	271	['Walk']
5.338786840438843	19	532	275	40	22	['Lie']
5.338786840438843	16	246	88	82	271	['Walk']
5.375745058059692	19	532	275	40	22	['Lie']
5.375745058059692	16	246	88	82	271	['Walk']
5.410488605499268	19	532	275	40	22	['Lie']
5.410488605499268	16	249	86	82	271	['Walk']
5.443794012069702	19	532	275	40	22	['Lie']
5.443794012069702	16	259	88	82	271	['Walk']
5.479552984237671	19	532	275	40	22	['Lie']
5.479552984237671	16	256	92	95	267	['Walk']
5.514840364456177	19	532	275	40	22	['Lie']
5.514840364456177	16	256	92	95	267	['Walk']
5.5512049198150635	19	532	275	40	22	['Lie']
5.5512049198150635	16	257	93	126	265	['Walk']
5.582135438919067	19	532	275	40	22	['Lie']
5.582135438919067	16	260	96	126	265	['Walk']
5.617803573608398	19	532	275	40	22	['Lie']
5.617803573608398	16	260	96	126	265	['Walk']
5.655170917510986	19	532	275	40	22	['Lie']
5.655170917510986	16	258	94	131	261	['Walk']
5.685544490814209	19	532	275	40	22	['Lie']
5.685544490814209	16	258	94	131	261	['Walk']
5.724248647689819	19	532	275	40	22	['Lie']
5.724248647689819	16	258	94	131	261	['Walk']
5.751917600631714	19	532	275	40	22	['Lie']
5.751917600631714	16	258	94	131	261	['Walk']
5.789111375808716	19	532	275	40	22	['Lie']
5.789111375808716	16	270	96	123	261	['Walk']
5.822502374649048	19	532	275	40	22	['Lie']
5.822502374649048	16	278	91	111	263	['Walk']
5.856869459152222	19	532	275	40	22	['Lie']
5.856869459152222	16	278	91	111	263	['Walk']
5.890383720397949	19	532	275	40	22	['Lie']
5.890383720397949	16	284	91	108	265	['Walk']
5.924753189086914	19	532	275	40	22	['Lie']
5.924753189086914	16	308	92	85	264	['Walk']
5.963237047195435	19	532	275	40	22	['Lie']
5.963237047195435	16	314	90	75	265	['Walk']
5.992144823074341	19	532	275	40	22	['Lie']
5.992144823074341	16	314	90	75	265	['Walk']
6.0292675495147705	19	532	275	40	22	['Lie']
6.0292675495147705	16	336	88	60	271	['Walk']
6.06244969367981	19	532	275	40	22	['Lie']
6.06244969367981	16	337	88	67	266	['Walk']
6.101090908050537	19	532	275	40	22	['Lie']
6.101090908050537	16	337	88	67	266	['Walk']
6.131602048873901	19	532	275	40	22	['Lie']
6.131602048873901	16	340	89	67	266	['Walk']
6.172455310821533	19	532	275	40	22	['Lie']
6.172455310821533	16	346	89	88	269	['Walk']
6.202785491943359	19	532	275	40	22	['Lie']
6.202785491943359	16	350	88	94	269	['Walk']
6.232236385345459	19	532	275	40	22	['Lie']
6.232236385345459	16	350	88	94	269	['Walk']
6.269574880599976	19	532	275	40	22	['Lie']
6.269574880599976	16	348	91	111	266	['Walk']
6.313318729400635	19	532	275	40	22	['Lie']
6.313318729400635	16	350	91	111	266	['Walk']
6.346433877944946	19	532	275	40	22	['Lie']
6.346433877944946	16	350	91	111	266	['Walk']
6.372979164123535	19	532	275	40	22	['Lie']
6.372979164123535	16	350	91	111	266	['Walk']
6.406886100769043	19	532	275	40	22	['Lie']
6.406886100769043	16	350	92	120	265	['Walk']
6.442534923553467	19	532	275	40	22	['Lie']
6.442534923553467	16	350	92	120	265	['Walk']
6.4769487380981445	19	532	275	40	22	['Lie']
6.4769487380981445	16	350	92	120	265	['Walk']
6.5112388134002686	19	532	275	40	22	['Lie']
6.5112388134002686	16	353	92	120	265	['Walk']
6.546352386474609	19	532	275	40	22	['Lie']
6.546352386474609	16	350	91	120	265	['Walk']
6.5810582637786865	19	532	275	40	22	['Lie']
6.5810582637786865	16	350	91	120	265	['Walk']
6.614211320877075	19	532	275	40	22	['Lie']
6.614211320877075	16	363	89	102	268	['Walk']
6.648702144622803	19	532	275	40	22	['Lie']
6.648702144622803	16	381	87	87	274	['Walk']
6.6818060874938965	19	532	275	40	22	['Lie']
6.6818060874938965	16	380	87	86	273	['Walk']
6.717256307601929	19	532	275	40	22	['Lie']
6.717256307601929	16	380	87	86	273	['Walk']
6.7523181438446045	19	532	275	40	22	['Lie']
6.7523181438446045	16	384	87	86	273	['Walk']
6.788852691650391	19	532	275	40	22	['Lie']
6.788852691650391	16	385	84	82	278	['Walk']
6.821313858032227	19	532	275	40	22	['Lie']
6.821313858032227	16	385	84	82	278	['Walk']
6.863494157791138	19	532	275	40	22	['Lie']
6.863494157791138	16	387	84	82	278	['Walk']
6.894233465194702	19	532	275	40	22	['Lie']
6.894233465194702	16	390	84	82	278	['Walk']
6.925567150115967	19	532	275	40	22	['Lie']
6.925567150115967	16	394	85	79	282	['Walk']
6.967623472213745	19	532	275	40	22	['Lie']
6.967623472213745	16	394	85	79	282	['Walk']
6.993297338485718	19	532	275	40	22	['Lie']
6.993297338485718	16	396	82	83	285	['Walk']
7.037795305252075	19	532	275	40	22	['Lie']
7.037795305252075	16	396	81	83	285	['Walk']
7.062890291213989	19	532	275	40	22	['Lie']
7.062890291213989	16	396	81	83	285	['Walk']
7.0998663902282715	19	532	275	40	22	['Lie']
7.0998663902282715	16	397	81	86	287	['Walk']
7.133302211761475	19	532	275	40	22	['Lie']
7.133302211761475	16	399	80	93	288	['Walk']
7.168703556060791	19	532	275	40	22	['Lie']
7.168703556060791	16	401	81	93	288	['Walk']
7.20302152633667	19	532	275	40	22	['Lie']
7.20302152633667	16	401	81	93	288	['Walk']
7.234971761703491	19	532	275	40	22	['Lie']
7.234971761703491	16	400	78	108	288	['Walk']
7.269356966018677	19	532	275	40	22	['Lie']
7.269356966018677	16	403	78	108	288	['Walk']
7.309061527252197	19	532	275	40	22	['Lie']
7.309061527252197	16	401	79	108	288	['Walk']
7.337961673736572	19	532	275	40	22	['Lie']
7.337961673736572	16	403	78	108	288	['Walk']
7.372377395629883	19	532	275	40	22	['Lie']
7.372377395629883	16	404	78	120	292	['Walk']
7.406875133514404	19	532	275	40	22	['Lie']
7.406875133514404	16	405	78	120	292	['Walk']
7.443222761154175	19	532	275	40	22	['Lie']
7.443222761154175	16	405	78	120	292	['Walk']
7.4766764640808105	19	531	272	32	26	['Lie']
7.4766764640808105	16	409	79	126	286	['Stand']
7.52168607711792	19	531	272	32	26	['Lie']
7.52168607711792	16	414	79	126	286	['Stand']
7.578916311264038	19	531	272	32	26	['Lie']
7.578916311264038	16	414	79	126	286	['Stand']
7.614217281341553	19	531	272	32	26	['Lie']
7.614217281341553	16	417	79	126	286	['Stand']
7.648642063140869	19	531	272	32	26	['Lie']
7.648642063140869	16	426	82	128	289	['Stand']
7.681901693344116	19	531	272	32	26	['Lie']
7.681901693344116	16	428	82	128	289	['Stand']
7.717122793197632	19	531	272	32	26	['Lie']
7.717122793197632	16	428	82	128	289	['Stand']
7.751070022583008	19	531	272	32	26	['Lie']
7.751070022583008	16	430	84	134	285	['Stand']
7.7855918407440186	19	531	272	32	26	['Lie']
7.7855918407440186	16	430	84	134	285	['Stand']
7.819525480270386	19	531	272	32	26	['Lie']
7.819525480270386	16	430	84	134	285	['Stand']
7.861543416976929	19	531	272	32	26	['Lie']
7.861543416976929	16	430	84	134	285	['Stand']
7.890213966369629	19	531	272	32	26	['Lie']
7.890213966369629	16	430	84	134	285	['Stand']
7.924885034561157	19	531	272	32	26	['Lie']
7.924885034561157	16	432	91	133	277	['Stand']
7.959943056106567	19	531	272	32	26	['Lie']
7.959943056106567	16	432	91	133	277	['Stand']
7.994494199752808	19	531	272	32	26	['Lie']
7.994494199752808	16	432	91	133	277	['Stand']
8.030011892318726	19	531	272	32	26	['Lie']
8.030011892318726	16	432	91	133	277	['Stand']
8.064571142196655	19	531	272	32	26	['Lie']
8.064571142196655	16	432	91	133	277	['Stand']
8.095306873321533	19	531	272	32	26	['Lie']
8.095306873321533	16	432	91	133	277	['Stand']
8.129956483840942	19	531	272	32	26	['Lie']
8.129956483840942	16	432	91	133	277	['Stand']
8.165645599365234	19	531	272	32	26	['Lie']
8.165645599365234	16	432	91	133	277	['Stand']
8.200531721115112	19	531	272	32	26	['Lie']
8.200531721115112	16	432	91	133	277	['Stand']
8.233947992324829	19	531	272	32	26	['Lie']
8.233947992324829	16	432	91	133	277	['Stand']
8.268600463867188	19	531	272	32	26	['Lie']
8.268600463867188	16	432	91	133	277	['Stand']
8.302497386932373	19	531	272	32	26	['Lie']
8.302497386932373	16	432	91	133	277	['Stand']
8.337456226348877	19	531	272	32	26	['Lie']
8.337456226348877	16	432	91	133	277	['Stand']
8.379342317581177	19	531	272	32	26	['Lie']
8.379342317581177	16	432	91	133	277	['Stand']
8.406169176101685	19	531	272	32	26	['Lie']
8.406169176101685	16	432	91	133	277	['Stand']
8.438318490982056	19	531	272	32	26	['Lie']
8.438318490982056	16	432	91	133	277	['Stand']
8.481553792953491	19	531	272	32	26	['Lie']
8.481553792953491	16	432	91	133	277	['Stand']
8.513004779815674	19	531	272	32	26	['Lie']
8.513004779815674	16	432	91	133	277	['Stand']
8.547298908233643	19	531	272	32	26	['Lie']
8.547298908233643	16	432	91	133	277	['Stand']
8.58845567703247	19	531	272	32	26	['Lie']
8.58845567703247	16	432	91	133	277	['Stand']
8.613510847091675	19	531	272	32	26	['Lie']
8.613510847091675	16	432	91	133	277	['Stand']
8.649657249450684	19	531	272	32	26	['Lie']
8.649657249450684	16	434	90	135	279	['Stand']
8.684300422668457	19	531	272	32	26	['Lie']
8.684300422668457	16	434	90	135	279	['Stand']
8.72299075126648	19	531	272	32	26	['Lie']
8.72299075126648	16	433	86	135	279	['Stand']
8.754148244857788	19	531	272	32	26	['Lie']
8.754148244857788	16	433	86	135	279	['Stand']
8.785019636154175	19	531	272	32	26	['Lie']
8.785019636154175	16	433	86	135	279	['Stand']
8.824046850204468	19	537	259	94	40	['Lie']
8.824046850204468	16	433	82	129	284	['Stand']
8.853721857070923	19	537	259	94	40	['Lie']
8.853721857070923	16	433	82	129	284	['Stand']
8.888329267501831	19	539	257	94	40	['Lie']
8.888329267501831	16	432	79	114	287	['Stand']
8.92522668838501	19	541	257	94	40	['Lie']
8.92522668838501	16	432	79	114	287	['Stand']
8.958482027053833	19	535	252	101	44	['Lie']
8.958482027053833	16	432	75	115	293	['Stand']
8.991976022720337	19	537	250	101	44	['Lie']
8.991976022720337	16	432	75	115	293	['Stand']
9.029445171356201	19	537	250	101	44	['Lie']
9.029445171356201	16	432	75	115	293	['Stand']
9.061462163925171	19	535	248	103	47	['Lie']
9.061462163925171	16	427	75	115	291	['Stand']
9.09749960899353	19	536	246	103	47	['Lie']
9.09749960899353	16	428	73	115	291	['Stand']
9.12753963470459	19	533	241	113	57	['Lie']
9.12753963470459	16	427	73	119	292	['Stand']
9.164831399917603	19	533	241	113	57	['Lie']
9.164831399917603	16	427	73	119	292	['Stand']
9.202047348022461	19	527	238	112	64	['Lie']
9.202047348022461	16	429	73	106	290	['Stand']
9.2333664894104	19	527	238	112	64	['Lie']
9.2333664894104	16	427	73	106	290	['Stand']
9.267598867416382	19	527	238	112	64	['Lie']
9.267598867416382	16	427	73	106	290	['Stand']
9.301944971084595	19	527	234	117	71	['Lie']
9.301944971084595	16	425	74	110	290	['Stand']
9.34306025505066	19	523	231	117	71	['Lie']
9.34306025505066	16	423	75	110	290	['Stand']
9.373348236083984	19	523	231	117	71	['Lie']
9.373348236083984	16	423	75	110	290	['Stand']
9.406397342681885	19	522	225	117	71	['Lie']
9.406397342681885	16	423	75	110	290	['Stand']
9.440278768539429	19	520	225	117	71	['Lie']
9.440278768539429	16	420	73	110	290	['Stand']
9.477508544921875	19	521	220	118	80	['Lie2Sit']
9.477508544921875	16	421	73	108	295	['Stand']
9.514102458953857	19	521	220	118	80	['Lie2Sit']
9.514102458953857	16	421	73	108	295	['Stand']
9.546157836914062	19	521	220	118	80	['Lie2Sit']
9.546157836914062	16	421	73	108	295	['Stand']
9.580379962921143	19	518	220	118	80	['Lie2Sit']
9.580379962921143	16	421	73	108	295	['Stand']
9.615732669830322	19	513	216	118	80	['Lie2Sit']
9.615732669830322	16	418	73	108	295	['Stand']
9.646476984024048	19	513	216	118	80	['Lie2Sit']
9.646476984024048	16	418	73	108	295	['Stand']
9.684520959854126	19	512	215	123	94	['Lie2Sit']
9.684520959854126	16	420	76	101	292	['Stand']
9.72176480293274	19	512	215	123	94	['Lie2Sit']
9.72176480293274	16	420	76	101	292	['Stand']
9.758559465408325	19	512	215	123	94	['Lie2Sit']
9.758559465408325	16	420	76	101	292	['Stand']
9.823497295379639	19	511	216	123	94	['Lie2Sit']
9.823497295379639	16	420	76	101	292	['Stand']
9.855434894561768	19	498	210	142	102	['Lie2Sit']
9.855434894561768	16	416	75	101	293	['Stand']
9.895102262496948	19	498	210	142	102	['Lie2Sit']
9.895102262496948	16	416	75	101	293	['Stand']
9.924116611480713	19	498	210	142	102	['Lie2Sit']
9.924116611480713	16	416	75	101	293	['Stand']
9.961713552474976	19	498	209	142	102	['Lie2Sit']
9.961713552474976	16	416	75	101	293	['Stand']
9.99363088607788	19	498	209	142	102	['Lie2Sit']
9.99363088607788	16	416	75	101	293	['Stand']
10.030822992324829	19	498	209	142	102	['Lie2Sit']
10.030822992324829	16	416	75	101	293	['Stand']
10.071839570999146	19	499	206	139	113	['Lie2Sit']
10.071839570999146	16	415	77	100	291	['Stand']
10.100370645523071	19	499	206	139	113	['Lie2Sit']
10.100370645523071	16	415	77	100	291	['Stand']
10.131437301635742	19	499	206	139	113	['Lie2Sit']
10.131437301635742	16	415	77	100	291	['Stand']
10.166834592819214	19	499	206	139	113	['Lie2Sit']
10.166834592819214	16	415	77	100	291	['Stand']
10.20150899887085	19	497	200	145	126	['Lie2Sit']
10.20150899887085	16	415	77	97	292	['Stand']
10.236068487167358	19	496	197	145	132	['Lie2Sit']
10.236068487167358	16	413	78	101	291	['Stand']
10.275391340255737	19	496	197	145	132	['Lie2Sit']
10.275391340255737	16	413	78	101	291	['Stand']
10.309001445770264	19	494	200	145	132	['Lie2Sit']
10.309001445770264	16	413	78	101	291	['Stand']
10.33516550064087	19	505	195	137	144	['Lie2Sit']
10.33516550064087	16	410	79	101	285	['Stand']
10.371272802352905	19	505	193	137	144	['Lie2Sit']
10.371272802352905	16	410	79	101	285	['Stand']
10.404138565063477	19	505	193	137	144	['Lie2Sit']
10.404138565063477	16	410	79	101	285	['Stand']
10.438862323760986	19	505	191	136	146	['Lie2Sit']
10.438862323760986	16	413	78	99	288	['Stand']
10.475090265274048	19	503	191	138	152	['Lie2Sit']
10.475090265274048	16	411	79	97	288	['Stand']
10.509673118591309	19	503	191	138	152	['Lie2Sit']
10.509673118591309	16	411	79	97	288	['Stand']
10.543933153152466	19	502	186	138	152	['Lie2Sit']
10.543933153152466	16	411	79	97	288	['Stand']
10.5778169631958	19	502	186	138	152	['Lie2Sit']
10.5778169631958	16	411	79	97	288	['Stand']
10.612838745117188	19	502	186	138	152	['Lie2Sit']
10.612838745117188	16	411	79	97	288	['Stand']
10.647186279296875	19	502	186	138	152	['Lie2Sit']
10.647186279296875	16	411	79	97	288	['Stand']
10.678302764892578	19	500	188	142	147	['Lie2Sit']
10.678302764892578	16	408	78	101	292	['Stand']
10.714756727218628	19	500	188	142	147	['Lie2Sit']
10.714756727218628	16	408	78	101	292	['Stand']
10.754629373550415	19	500	188	142	147	['Lie2Sit']
10.754629373550415	16	408	78	101	292	['Stand']
10.819515466690063	19	505	191	128	148	['Lie2Sit']
10.819515466690063	16	408	80	98	289	['Stand']
10.855949640274048	19	504	193	128	141	['Lie2Sit']
10.855949640274048	16	405	80	100	295	['Stand']
10.888171195983887	19	503	193	128	141	['Lie2Sit']
10.888171195983887	16	405	80	100	295	['Stand']
10.923865795135498	19	503	193	128	141	['Lie2Sit']
10.923865795135498	16	405	80	100	295	['Stand']
10.956357955932617	19	500	191	127	147	['Lie2Sit']
10.956357955932617	16	408	78	100	300	['Stand']
10.992942333221436	19	500	191	127	147	['Lie2Sit']
10.992942333221436	16	408	78	100	300	['Stand']
11.028540849685669	19	500	191	127	147	['Lie2Sit']
11.028540849685669	16	408	78	100	300	['Stand']
11.067034244537354	19	497	190	127	147	['Lie2Sit']
11.067034244537354	16	408	78	100	300	['Stand']
11.096813201904297	19	495	192	132	144	['Lie2Sit']
11.096813201904297	16	407	77	104	303	['Stand']
11.128125667572021	19	501	190	130	141	['Lie2Sit']
11.128125667572021	16	404	78	108	302	['Stand']
11.164820432662964	19	501	190	130	141	['Lie2Sit']
11.164820432662964	16	404	78	108	302	['Stand']
11.200324058532715	19	501	185	132	151	['Lie2Sit']
11.200324058532715	16	408	77	100	298	['Stand']
11.241933107376099	19	502	184	124	155	['Lie2Sit']
11.241933107376099	16	410	76	99	309	['Stand']
11.267525911331177	19	502	184	124	155	['Lie2Sit']
11.267525911331177	16	410	76	99	309	['Stand']
11.3029625415802	19	502	184	124	155	['Lie2Sit']
11.3029625415802	16	410	76	99	309	['Stand']
11.337557554244995	19	499	181	124	155	['Lie2Sit']
11.337557554244995	16	410	73	99	309	['Stand']
11.372630596160889	19	499	186	120	147	['Lie2Sit']
11.372630596160889	16	410	77	101	297	['Stand']
11.404940366744995	19	499	186	120	147	['Lie2Sit']
11.404940366744995	16	410	77	101	297	['Stand']
11.440534353256226	19	495	188	121	146	['Lie2Sit']
11.440534353256226	16	409	78	103	297	['Stand']
11.47689414024353	19	491	188	121	146	['Lie2Sit']
11.47689414024353	16	409	78	103	297	['Stand']
11.51026177406311	19	491	188	121	146	['Lie2Sit']
11.51026177406311	16	409	78	103	297	['Stand']
11.547396421432495	19	489	191	122	147	['Lie2Sit']
11.547396421432495	16	407	78	103	301	['Stand']
11.57955288887024	19	480	195	124	144	['Sit2Stand']
11.57955288887024	16	409	77	102	300	['Stand']
11.61445426940918	19	477	195	124	144	['Sit2Stand']
11.61445426940918	16	407	77	102	300	['Stand']
11.648891687393188	19	477	195	124	144	['Sit2Stand']
11.648891687393188	16	407	77	102	300	['Stand']
11.682716131210327	19	470	198	130	137	['Sit2Stand']
11.682716131210327	16	403	80	107	299	['Stand']
11.716527938842773	19	465	198	130	137	['Sit2Stand']
11.716527938842773	16	403	80	107	299	['Stand']
11.750844478607178	19	465	198	130	137	['Sit2Stand']
11.750844478607178	16	403	80	107	299	['Stand']
11.78323221206665	19	460	197	139	135	['Sit2Stand']
11.78323221206665	16	402	82	104	289	['Stand']
11.817108392715454	19	454	198	148	141	['Sit2Stand']
11.817108392715454	16	404	81	101	293	['Stand']
11.855232238769531	19	452	195	156	142	['Sit2Stand']
11.855232238769531	16	406	82	98	286	['Stand']
11.885226488113403	19	453	194	156	142	['Sit2Stand']
11.885226488113403	16	406	82	98	286	['Stand']
11.920998334884644	19	446	189	170	151	['Sit2Stand']
11.920998334884644	16	405	80	101	288	['Stand']
11.958765029907227	19	445	186	171	147	['Sit2Stand']
11.958765029907227	16	403	82	101	284	['Stand']
11.991239070892334	19	445	186	171	147	['Sit2Stand']
11.991239070892334	16	403	82	101	284	['Stand']
12.026453018188477	19	444	183	169	155	['Sit2Stand']
12.026453018188477	16	406	79	98	287	['Stand']
12.060990333557129	19	442	170	169	162	['Sit2Stand']
12.060990333557129	16	405	80	101	283	['Stand']
12.0927734375	19	446	168	165	166	['Sit2Stand']
12.0927734375	16	407	81	98	286	['Stand']
12.128015041351318	19	446	168	165	166	['Sit2Stand']
12.128015041351318	16	407	81	98	286	['Stand']
12.162098169326782	19	444	153	160	180	['Sit2Stand']
12.162098169326782	16	407	79	102	295	['Stand']
12.197204828262329	19	448	147	156	185	['Sit2Stand']
12.197204828262329	16	408	81	104	282	['Stand']
12.231165885925293	19	448	147	156	185	['Sit2Stand']
12.231165885925293	16	408	81	104	282	['Stand']
12.266478300094604	19	451	141	151	189	['Sit2Stand']
12.266478300094604	16	408	78	101	286	['Stand']
12.29982876777649	19	454	122	143	209	['Sit2Stand']
12.29982876777649	16	411	78	105	289	['Stand']
12.333709716796875	19	457	116	137	213	['Sit2Stand']
12.333709716796875	16	411	80	110	282	['Stand']
12.369543313980103	19	457	116	137	213	['Sit2Stand']
12.369543313980103	16	411	80	110	282	['Stand']
12.404065370559692	19	462	104	127	226	['Sit2Stand']
12.404065370559692	16	418	79	102	286	['Stand']
12.437767028808594	19	462	99	122	230	['Sit2Stand']
12.437767028808594	16	416	78	106	289	['Stand']
12.471992254257202	19	462	99	122	230	['Sit2Stand']
12.471992254257202	16	416	78	106	289	['Stand']
12.50931191444397	19	465	97	120	238	['Sit2Stand']
12.50931191444397	16	422	78	97	286	['Stand']
12.541380643844604	19	474	88	108	242	['Sit2Stand']
12.541380643844604	16	421	78	87	290	['Stand']
12.579983234405518	19	476	82	101	249	['Sit2Stand']
12.579983234405518	16	423	74	87	289	['Stand']
12.612719774246216	19	476	82	101	249	['Sit2Stand']
12.612719774246216	16	423	74	87	289	['Stand']
12.647166728973389	19	475	78	98	256	['Walk']
12.647166728973389	16	425	75	84	288	['Stand']
12.68383240699768	19	479	75	97	260	['Walk']
12.68383240699768	16	428	75	81	295	['Stand']
12.713211297988892	19	479	75	97	260	['Walk']
12.713211297988892	16	428	75	81	295	['Stand']
12.747475624084473	19	479	75	97	260	['Walk']
12.747475624084473	16	428	75	81	295	['Stand']
12.787524938583374	19	476	75	97	260	['Walk']
12.787524938583374	16	428	75	81	295	['Stand']
12.815993070602417	19	476	75	97	260	['Walk']
12.815993070602417	16	428	75	81	295	['Stand']
12.853060960769653	19	476	75	97	260	['Walk']
12.853060960769653	16	428	75	81	295	['Stand']
12.889863729476929	19	470	75	107	266	['Walk']
12.889863729476929	16	434	70	75	300	['Walk']
12.92277193069458	19	470	75	109	262	['Walk']
12.92277193069458	16	432	72	76	294	['Walk']
12.95670223236084	19	470	75	109	262	['Walk']
12.95670223236084	16	432	72	76	294	['Walk']
12.993958711624146	19	465	74	114	266	['Walk']
12.993958711624146	16	434	69	77	297	['Walk']
13.03109622001648	19	466	72	114	269	['Walk']
13.03109622001648	16	436	69	72	298	['Walk']
13.061848402023315	19	464	70	116	271	['Walk']
13.061848402023315	16	438	65	64	307	['Walk']
13.097733736038208	19	464	70	116	271	['Walk']
13.097733736038208	16	438	65	64	307	['Walk']
13.131643295288086	19	457	68	126	275	['Walk']
13.131643295288086	16	437	67	62	305	['Walk']
13.165125131607056	19	455	68	126	275	['Walk']
13.165125131607056	16	440	69	62	305	['Walk']
13.200966358184814	19	455	68	126	275	['Walk']
13.200966358184814	16	440	69	62	305	['Walk']
13.23529863357544	19	454	64	129	272	['Walk']
13.23529863357544	16	436	69	53	312	['Walk']
13.270026206970215	19	450	58	129	289	['Walk']
13.270026206970215	16	435	66	58	317	['Walk']
13.30094289779663	19	453	58	122	293	['Walk']
13.30094289779663	16	435	75	57	311	['Walk']
13.33412504196167	19	453	58	122	293	['Walk']
13.33412504196167	16	435	75	57	311	['Walk']
13.372718572616577	19	449	53	111	306	['Walk']
13.372718572616577	16	432	70	98	319	['Walk']
13.404302597045898	19	443	47	112	314	['Walk']
13.404302597045898	16	435	78	65	309	['Walk']
13.43792176246643	19	443	47	112	314	['Walk']
13.43792176246643	16	435	78	65	309	['Walk']
13.475604057312012	19	441	50	104	298	['Walk']
13.475604057312012	16	430	73	54	315	['Walk']
13.506089210510254	19	433	50	105	381	['Walk']
13.506089210510254	16	430	105	107	288	['Walk']
13.54253363609314	19	427	47	99	377	['Walk']
13.54253363609314	16	438	97	101	302	['Walk']
13.577414274215698	19	427	47	99	377	['Walk']
13.577414274215698	16	438	97	101	302	['Walk']
13.610336542129517	19	398	48	136	396	['Walk']
13.610336542129517	16	426	101	110	293	['Walk']
13.647095203399658	19	394	44	126	410	['Walk']
13.647095203399658	16	420	96	116	296	['Walk']
13.6797194480896	19	394	44	126	410	['Walk']
13.6797194480896	16	420	96	116	296	['Walk']
13.71286916732788	19	384	43	135	410	['Walk']
13.71286916732788	16	418	97	117	308	['Walk']
13.751410245895386	19	381	43	128	416	['Walk']
13.751410245895386	16	426	91	108	307	['Walk']
13.784509181976318	19	383	39	125	426	['Walk']
13.784509181976318	16	424	92	110	303	['Walk']
13.816627502441406	19	383	39	125	426	['Walk']
13.816627502441406	16	424	92	110	303	['Walk']
13.854397773742676	19	379	35	117	430	['Walk']
13.854397773742676	16	417	91	113	312	['Walk']
13.887207746505737	19	375	34	117	430	['Walk']
13.887207746505737	16	412	68	118	327	['Walk']
13.920206785202026	19	375	34	117	430	['Walk']
13.920206785202026	16	413	68	118	327	['Walk']
13.955004453659058	19	375	34	117	430	['Walk']
13.955004453659058	16	413	68	118	327	['Walk']
13.990612030029297	19	361	27	130	440	['Walk']
13.990612030029297	16	417	62	108	315	['Walk']
14.026312351226807	19	370	21	108	451	['Walk']
14.026312351226807	16	413	57	111	348	['Walk']
14.05771803855896	19	370	21	108	451	['Walk']
14.05771803855896	16	413	57	111	348	['Walk']
14.093297481536865	19	350	17	109	463	['Walk']
14.093297481536865	16	413	55	107	369	['Walk']
14.128238201141357	19	349	13	103	474	['Walk']
14.128238201141357	16	406	54	109	360	['Walk']
14.161057233810425	19	349	13	103	474	['Walk']
14.161057233810425	16	406	54	109	360	['Walk']
14.195136547088623	19	305	16	144	466	['Walk']
14.195136547088623	16	403	51	112	365	['Walk']
14.232684135437012	19	261	10	194	473	['Walk']
14.232684135437012	16	393	52	117	365	['Walk']
14.267027854919434	19	249	15	208	465	['Walk']
14.267027854919434	16	390	49	121	369	['Walk']
14.303627967834473	19	249	15	208	465	['Walk']
14.303627967834473	16	390	49	121	369	['Walk']
14.333092451095581	19	240	13	215	479	['Walk']
14.333092451095581	16	386	46	126	384	['Walk']
14.367724180221558	19	244	9	206	471	['Walk']
14.367724180221558	16	387	48	123	383	['Walk']
14.407773971557617	19	244	9	206	471	['Walk']
14.407773971557617	16	387	48	123	383	['Walk']
14.439791917800903	19	243	7	198	477	['Walk']
14.439791917800903	16	380	45	125	384	['Walk']
14.477596521377563	19	250	2	183	477	['Walk']
14.477596521377563	16	376	41	122	377	['Walk']
14.51238465309143	19	252	1	176	477	['Walk']
14.51238465309143	16	375	35	123	394	['Walk']
14.5425865650177	19	252	1	176	477	['Walk']
14.5425865650177	16	375	35	123	394	['Walk']
14.577700853347778	19	251	1	152	485	['Walk']
14.577700853347778	16	371	31	118	399	['Walk']
14.613212585449219	19	249	1	127	483	['Walk']
14.613212585449219	16	376	27	112	403	['Walk']
14.645082950592041	19	249	1	127	483	['Walk']
14.645082950592041	16	376	27	112	403	['Walk']
14.679733037948608	19	224	0	138	480	['Walk']
14.679733037948608	16	371	27	111	400	['Walk']
14.713523626327515	19	181	0	159	485	['Walk']
14.713523626327515	16	362	26	118	404	['Walk']
14.74842119216919	19	152	0	187	487	['Walk']
14.74842119216919	16	357	25	122	402	['Walk']
14.785773277282715	19	152	0	187	487	['Walk']
14.785773277282715	16	357	25	122	402	['Walk']
14.817066192626953	19	119	0	208	482	['Walk']
14.817066192626953	16	330	24	138	405	['Walk']
14.855140686035156	19	104	0	222	483	['Walk']
14.855140686035156	16	317	22	152	405	['Walk']
14.885497808456421	19	104	0	222	483	['Walk']
14.885497808456421	16	317	22	152	405	['Walk']
14.919827938079834	19	90	0	243	482	['Walk']
14.919827938079834	16	308	21	153	405	['Walk']
14.957826137542725	19	82	1	243	483	['Walk']
14.957826137542725	16	300	22	161	407	['Walk']
14.988992691040039	19	87	2	240	479	['Walk']
14.988992691040039	16	298	20	164	406	['Walk']
15.024619102478027	19	87	2	240	479	['Walk']
15.024619102478027	16	298	20	164	406	['Walk']
15.06747317314148	19	86	2	227	480	['Walk']
15.06747317314148	16	295	26	169	405	['Walk']
15.091790676116943	19	96	2	201	476	['Walk']
15.091790676116943	16	289	27	175	402	['Walk']
15.128069400787354	19	96	2	201	476	['Walk']
15.128069400787354	16	289	27	175	402	['Walk']
15.161442041397095	19	96	3	185	480	['Walk']
15.161442041397095	16	283	27	190	402	['Walk']
15.195324182510376	19	91	9	146	465	['Walk']
15.195324182510376	16	283	29	178	403	['Walk']
15.231796026229858	19	87	9	146	465	['Walk']
15.231796026229858	16	283	29	178	403	['Walk']
15.264178276062012	19	87	9	146	465	['Walk']
15.264178276062012	16	283	29	178	403	['Walk']
15.298985719680786	19	66	11	155	464	['Walk']
15.298985719680786	16	285	28	173	404	['Walk']
15.336003541946411	19	53	11	160	463	['Walk']
15.336003541946411	16	286	30	165	400	['Walk']
15.368114471435547	19	53	11	160	463	['Walk']
15.368114471435547	16	286	30	165	400	['Walk']
15.404579401016235	19	45	8	160	463	['Walk']
15.404579401016235	16	282	31	165	400	['Walk']
15.438739538192749	19	33	19	164	448	['Walk']
15.438739538192749	16	284	29	142	401	['Walk']
15.472064018249512	19	28	20	164	448	['Walk']
15.472064018249512	16	276	31	142	401	['Walk']
15.507049560546875	19	28	20	164	448	['Walk']
15.507049560546875	16	276	31	142	401	['Walk']
15.539167404174805	19	19	28	176	446	['Walk']
15.539167404174805	16	278	32	109	412	['Walk']
15.577459335327148	19	13	25	176	446	['Walk']
15.577459335327148	16	271	32	109	412	['Walk']
15.608693599700928	19	13	25	176	446	['Walk']
15.608693599700928	16	271	32	109	412	['Walk']
15.644885301589966	19	14	32	169	434	['Walk']
15.644885301589966	16	243	32	125	405	['Walk']
15.679972648620605	19	6	34	165	430	['Walk']
15.679972648620605	16	199	35	160	398	['Walk']
15.713104724884033	19	0	32	165	430	['Walk']
15.713104724884033	16	193	35	160	398	['Walk']
15.745055913925171	19	0	32	165	430	['Walk']
15.745055913925171	16	193	35	160	398	['Walk']
15.785553693771362	19	1	34	145	414	['Walk']
15.785553693771362	16	168	33	186	393	['Walk']
15.820653438568115	19	1	34	145	414	['Walk']
15.820653438568115	16	168	33	186	393	['Walk']
15.851927757263184	19	1	34	145	414	['Walk']
15.851927757263184	16	168	33	186	393	['Walk']
15.885251760482788	19	1	34	145	414	['Walk']
15.885251760482788	16	168	33	186	393	['Walk']
15.922171354293823	19	0	45	132	397	['Walk']
15.922171354293823	16	175	33	181	387	['Walk']
15.957462549209595	19	0	45	132	397	['Walk']
15.957462549209595	16	172	33	181	387	['Walk']
15.991881370544434	19	0	45	132	397	['Walk']
15.991881370544434	16	172	33	181	387	['Walk']
16.02259659767151	19	2	54	127	383	['Walk']
16.02259659767151	16	168	35	184	380	['Walk']
16.062520742416382	19	2	54	127	383	['Walk']
16.062520742416382	16	168	35	184	380	['Walk']
16.094404458999634	19	2	54	127	383	['Walk']
16.094404458999634	16	168	35	184	380	['Walk']
16.12918472290039	19	3	59	128	377	['Walk']
16.12918472290039	16	174	33	173	389	['Walk']
16.162036657333374	19	7	61	118	370	['Walk']
16.162036657333374	16	166	29	165	393	['Walk']
16.19541835784912	19	8	61	116	370	['Walk']
16.19541835784912	16	163	28	159	392	['Walk']
16.23363494873047	19	8	61	116	370	['Walk']
16.23363494873047	16	163	28	159	392	['Walk']
16.26553225517273	19	10	69	113	353	['Walk']
16.26553225517273	16	155	26	146	394	['Walk']
16.298165798187256	19	11	67	107	345	['Walk']
16.298165798187256	16	150	26	141	397	['Walk']
16.331610202789307	19	11	67	107	345	['Walk']
16.331610202789307	16	150	26	141	397	['Walk']
16.36790442466736	19	12	69	107	340	['Walk']
16.36790442466736	16	145	29	141	395	['Walk']
16.40280055999756	19	11	70	111	329	['Walk']
16.40280055999756	16	138	30	141	392	['Walk']
16.438403606414795	19	12	71	111	329	['Walk']
16.438403606414795	16	134	30	141	392	['Walk']
16.47037625312805	19	12	71	111	329	['Walk']
16.47037625312805	16	134	30	141	392	['Walk']
16.504915952682495	19	9	78	118	321	['Walk']
16.504915952682495	16	129	29	142	393	['Walk']
16.538421869277954	19	9	78	118	321	['Walk']
16.538421869277954	16	129	29	142	393	['Walk']
16.57310390472412	19	9	78	118	321	['Walk']
16.57310390472412	16	129	29	142	393	['Walk']
16.609671354293823	19	9	78	118	321	['Walk']
16.609671354293823	16	129	29	142	393	['Walk']
16.645191431045532	19	10	89	120	306	['Walk']
16.645191431045532	16	131	40	130	381	['Walk']
16.675828456878662	19	10	89	120	306	['Walk']
16.675828456878662	16	131	40	130	381	['Walk']
16.711004734039307	19	10	89	120	306	['Walk']
16.711004734039307	16	131	40	130	381	['Walk']
16.7460994720459	19	15	92	115	302	['Walk']
16.7460994720459	16	137	43	120	377	['Walk']
16.780949354171753	19	15	92	115	302	['Walk']
16.780949354171753	16	137	43	120	377	['Walk']
16.814327239990234	19	15	92	115	302	['Walk']
16.814327239990234	16	137	43	120	377	['Walk']
16.849596977233887	19	17	94	108	298	['Walk']
16.849596977233887	16	138	49	111	370	['Walk']
16.884705066680908	19	18	96	108	286	['Walk']
16.884705066680908	16	139	51	109	362	['Walk']
16.917550802230835	19	28	99	99	269	['Walk']
16.917550802230835	16	138	52	113	359	['Walk']
16.951969385147095	19	28	99	99	269	['Walk']
16.951969385147095	16	138	52	113	359	['Walk']
16.989006996154785	19	30	99	94	271	['Walk']
16.989006996154785	16	137	54	108	361	['Walk']
17.02220630645752	19	30	99	94	271	['Walk']
17.02220630645752	16	137	54	108	361	['Walk']
17.05671787261963	19	30	99	94	271	['Walk']
17.05671787261963	16	137	54	108	361	['Walk']
17.090619564056396	19	33	98	94	271	['Walk']
17.090619564056396	16	136	48	108	361	['Walk']
17.124186515808105	19	43	104	88	263	['Walk']
17.124186515808105	16	126	54	116	345	['Walk']
17.158527135849	19	43	104	88	263	['Walk']
17.158527135849	16	123	53	116	345	['Walk']
17.193576097488403	19	43	104	88	263	['Walk']
17.193576097488403	16	123	53	116	345	['Walk']
17.229005813598633	19	50	108	86	259	['Walk']
17.229005813598633	16	113	59	121	342	['Walk']
17.262832164764404	19	54	107	84	259	['Walk']
17.262832164764404	16	109	58	124	335	['Walk']
17.297212600708008	19	54	107	84	259	['Walk']
17.297212600708008	16	109	58	124	335	['Walk']
17.334566593170166	19	57	110	79	252	['Walk']
17.334566593170166	16	103	59	130	331	['Walk']
17.370473384857178	19	59	112	79	252	['Walk']
17.370473384857178	16	97	59	130	331	['Walk']
17.401728868484497	19	59	112	79	252	['Walk']
17.401728868484497	16	97	59	130	331	['Walk']
17.436572790145874	19	59	112	79	252	['Walk']
17.436572790145874	16	97	59	130	331	['Walk']
17.471614122390747	19	70	113	66	247	['Walk']
17.471614122390747	16	101	66	118	326	['Walk']
17.505937814712524	19	70	111	65	241	['Walk']
17.505937814712524	16	102	62	114	326	['Walk']
17.539751291275024	19	70	111	65	241	['Walk']
17.539751291275024	16	102	62	114	326	['Walk']
17.57878875732422	19	74	116	59	233	['Walk']
17.57878875732422	16	94	65	119	324	['Walk']
17.613609552383423	19	85	117	49	237	['Walk']
17.613609552383423	16	93	67	123	316	['Walk']
17.64468479156494	19	90	119	38	221	['Walk']
17.64468479156494	16	95	65	118	326	['Walk']
17.677557706832886	19	90	119	38	221	['Walk']
17.677557706832886	16	95	65	118	326	['Walk']
17.714861631393433	19	91	163	31	187	['Walk']
17.714861631393433	16	89	66	121	322	['Walk']
17.7472505569458	19	130	291	18	50	['Walk']
17.7472505569458	16	86	67	121	313	['Walk']
17.781068086624146	19	130	291	18	50	['Walk']
17.781068086624146	16	86	67	121	313	['Walk']
17.814993381500244	19	131	248	19	85	['Walk']
17.814993381500244	16	86	67	116	316	['Walk']
17.859408855438232	19	134	253	22	84	['Walk']
17.859408855438232	16	80	68	114	308	['Walk']
17.88561749458313	19	134	253	22	84	['Walk']
17.88561749458313	16	80	68	114	308	['Walk']
17.919729709625244	19	134	253	22	84	['Walk']
17.919729709625244	16	80	68	114	308	['Walk']
17.953188180923462	19	129	251	25	87	['Walk']
17.953188180923462	16	72	69	115	309	['Walk']
17.987177848815918	19	129	251	25	87	['Walk']
17.987177848815918	16	72	69	115	309	['Walk']
18.020724534988403	19	129	251	25	87	['Walk']
18.020724534988403	16	72	69	115	309	['Walk']
18.05942702293396	19	127	280	15	44	['Walk']
18.05942702293396	16	73	72	110	311	['Walk']
18.091854572296143	19	127	280	15	44	['Walk']
18.091854572296143	16	73	72	110	311	['Walk']
18.132226705551147	19	153	236	18	63	['Walk']
18.132226705551147	16	72	76	110	304	['Walk']
18.160758018493652	19	153	236	18	63	['Walk']
18.160758018493652	16	72	76	110	304	['Walk']
18.1956045627594	19	152	156	28	177	['Walk']
18.1956045627594	16	75	74	101	304	['Walk']
18.22814702987671	19	152	160	30	173	['Walk']
18.22814702987671	16	77	80	98	297	['Walk']
18.263036012649536	19	152	160	30	173	['Walk']
18.263036012649536	16	77	80	98	297	['Walk']
18.295833349227905	19	152	160	30	173	['Walk']
18.295833349227905	16	76	78	98	297	['Walk']
18.32962393760681	19	143	163	61	168	['Walk']
18.32962393760681	16	81	81	97	296	['Walk']
18.37612795829773	19	143	163	61	168	['Walk']
18.37612795829773	16	78	80	97	296	['Walk']
18.43805980682373	19	143	163	61	168	['Walk']
18.43805980682373	16	78	80	97	296	['Walk']
18.470031023025513	19	141	135	75	194	['Walk']
18.470031023025513	16	83	85	93	281	['Walk']
18.50585412979126	19	141	135	75	194	['Walk']
18.50585412979126	16	83	85	93	281	['Walk']
18.5389404296875	19	141	135	75	194	['Walk']
18.5389404296875	16	83	85	93	281	['Walk']
18.57225513458252	19	141	135	75	194	['Walk']
18.57225513458252	16	83	85	93	281	['Walk']
18.60978674888611	19	141	135	75	194	['Walk']
18.60978674888611	16	83	85	93	281	['Walk']
18.6417133808136	19	144	134	75	194	['Walk']
18.6417133808136	16	81	86	93	281	['Walk']
18.681641578674316	19	144	134	75	194	['Walk']
18.681641578674316	16	81	86	93	281	['Walk']
18.74566102027893	19	150	139	72	189	['Walk']
18.74566102027893	16	60	85	106	275	['Walk']
18.779433250427246	19	159	137	65	192	['Walk']
18.779433250427246	16	49	90	124	270	['Walk']
18.81404709815979	19	159	137	65	192	['Walk']
18.81404709815979	16	49	90	124	270	['Walk']
18.85114026069641	19	159	137	65	192	['Walk']
18.85114026069641	16	49	90	124	270	['Walk']
18.884945392608643	19	164	136	55	193	['Walk']
18.884945392608643	16	46	90	119	268	['Walk']
18.916982173919678	19	164	136	55	193	['Walk']
18.916982173919678	16	46	90	119	268	['Walk']
18.958271980285645	19	164	136	55	193	['Walk']
18.958271980285645	16	46	90	119	268	['Walk']
18.9856538772583	19	169	137	53	188	['Walk']
18.9856538772583	16	55	93	105	269	['Walk']
19.018298625946045	19	169	137	53	188	['Walk']
19.018298625946045	16	55	93	105	269	['Walk']
19.062324047088623	19	169	137	53	188	['Walk']
19.062324047088623	16	55	93	105	269	['Walk']
19.094729900360107	19	170	136	52	189	['Stand']
19.094729900360107	16	60	93	96	267	['Walk']
19.12771487236023	19	170	136	52	189	['Stand']
19.12771487236023	16	60	93	96	267	['Walk']
19.158138513565063	19	170	136	52	189	['Stand']
19.158138513565063	16	60	93	96	267	['Walk']
19.195817947387695	19	170	136	52	189	['Stand']
19.195817947387695	16	55	93	96	267	['Walk']
19.229575395584106	19	170	136	52	189	['Stand']
19.229575395584106	16	55	93	96	267	['Walk']
19.26344585418701	19	172	135	52	193	['Stand']
19.26344585418701	16	47	92	106	263	['Walk']
19.297643423080444	19	172	135	52	193	['Stand']
19.297643423080444	16	47	92	106	263	['Walk']
19.331618785858154	19	172	135	52	193	['Stand']
19.331618785858154	16	46	92	106	263	['Walk']
19.369259357452393	19	172	135	52	193	['Stand']
19.369259357452393	16	41	91	106	263	['Walk']
19.400660753250122	19	172	135	52	193	['Stand']
19.400660753250122	16	37	91	106	263	['Walk']
19.43381094932556	19	172	135	52	193	['Stand']
19.43381094932556	16	37	91	106	263	['Walk']
19.467900037765503	19	172	135	52	193	['Stand']
19.467900037765503	16	37	91	106	263	['Walk']
19.502983570098877	19	172	135	52	193	['Stand']
19.502983570098877	16	35	93	99	262	['Stand']
19.540037870407104	19	172	135	52	193	['Stand']
19.540037870407104	16	35	93	99	262	['Stand']
19.57428479194641	19	172	135	52	193	['Stand']
19.57428479194641	16	35	93	99	262	['Stand']
19.607279777526855	19	172	135	52	193	['Stand']
19.607279777526855	16	35	93	99	262	['Stand']
19.641022205352783	19	172	135	52	193	['Stand']
19.641022205352783	16	35	93	99	262	['Stand']
19.6761372089386	19	172	135	52	193	['Stand']
19.6761372089386	16	35	93	99	262	['Stand']
19.710726976394653	19	172	135	52	193	['Stand']
19.710726976394653	16	35	93	99	262	['Stand']
19.74607825279236	19	172	135	52	193	['Stand']
19.74607825279236	16	35	93	99	262	['Stand']
19.780025482177734	19	172	135	52	193	['Stand']
19.780025482177734	16	35	93	99	262	['Stand']
19.82512331008911	19	172	135	52	193	['Stand']
19.82512331008911	16	35	93	99	262	['Stand']
19.848068475723267	19	172	135	52	193	['Stand']
19.848068475723267	16	35	93	99	262	['Stand']
19.882765531539917	19	172	135	52	193	['Stand']
19.882765531539917	16	35	93	99	262	['Stand']
19.91703987121582	19	172	135	52	193	['Stand']
19.91703987121582	16	35	93	99	262	['Stand']
19.95797848701477	19	172	135	52	193	['Stand']
19.95797848701477	16	35	93	99	262	['Stand']
19.985451221466064	19	172	135	52	193	['Stand']
19.985451221466064	16	35	93	99	262	['Stand']
20.02140474319458	19	172	135	52	193	['Stand']
20.02140474319458	16	35	93	99	262	['Stand']
20.05504298210144	19	172	135	52	193	['Stand']
20.05504298210144	16	35	93	99	262	['Stand']
20.088829278945923	19	172	135	52	193	['Stand']
20.088829278945923	16	35	93	99	262	['Stand']
20.122904539108276	19	172	135	52	193	['Stand']
20.122904539108276	16	35	93	99	262	['Stand']
20.158053636550903	19	172	135	52	193	['Stand']
20.158053636550903	16	35	93	99	262	['Stand']
20.192591190338135	19	172	135	52	193	['Stand']
20.192591190338135	16	35	93	99	262	['Stand']
20.23583149909973	19	172	135	52	193	['Stand']
20.23583149909973	16	35	93	99	262	['Stand']
20.263734102249146	19	172	135	52	193	['Stand']
20.263734102249146	16	35	93	99	262	['Stand']
20.296857118606567	19	172	135	52	193	['Stand']
20.296857118606567	16	35	93	99	262	['Stand']
20.334533214569092	19	172	135	52	193	['Stand']
20.334533214569092	16	41	93	99	262	['Stand']
20.363892078399658	19	172	135	52	193	['Stand']
20.363892078399658	16	42	93	99	262	['Stand']
20.40171456336975	19	172	135	52	193	['Stand']
20.40171456336975	16	42	93	99	262	['Stand']
20.435222625732422	19	172	135	52	193	['Stand']
20.435222625732422	16	42	93	108	262	['Stand']
20.472232341766357	19	172	135	52	193	['Stand']
20.472232341766357	16	43	94	108	262	['Stand']
20.505521059036255	19	172	135	52	193	['Stand']
20.505521059036255	16	43	94	108	262	['Stand']
20.542982816696167	19	173	136	51	190	['Stand']
20.542982816696167	16	41	94	115	260	['Stand']
20.575518131256104	19	173	136	51	190	['Stand']
20.575518131256104	16	41	94	115	260	['Stand']
20.609724044799805	19	173	136	51	190	['Stand']
20.609724044799805	16	41	94	115	260	['Stand']
20.641308546066284	19	173	136	51	190	['Stand']
20.641308546066284	16	41	94	115	260	['Stand']
20.67668342590332	19	173	136	51	190	['Stand']
20.67668342590332	16	41	94	115	260	['Stand']
20.710888862609863	19	173	136	51	190	['Stand']
20.710888862609863	16	39	94	115	260	['Stand']
20.743866443634033	19	173	136	51	190	['Stand']
20.743866443634033	16	39	94	115	260	['Stand']
20.7811176776886	19	173	136	51	190	['Stand']
20.7811176776886	16	39	94	115	260	['Stand']
20.81281304359436	19	173	136	51	190	['Stand']
20.81281304359436	16	39	94	115	260	['Stand']
20.84553599357605	19	173	136	51	190	['Stand']
20.84553599357605	16	39	94	115	260	['Stand']
20.885520458221436	19	173	136	51	190	['Stand']
20.885520458221436	16	39	94	115	260	['Stand']
20.916157484054565	19	173	136	51	190	['Stand']
20.916157484054565	16	39	94	115	260	['Stand']
20.94951558113098	19	173	136	51	190	['Stand']
20.94951558113098	16	39	94	115	260	['Stand']
20.984464168548584	19	173	136	51	190	['Stand']
20.984464168548584	16	39	94	115	260	['Stand']
21.02089023590088	19	178	137	48	192	['Stand']
21.02089023590088	16	47	95	111	258	['Stand']
21.053416967391968	19	178	137	48	192	['Stand']
21.053416967391968	16	47	95	111	258	['Stand']
21.088132858276367	19	178	137	48	192	['Stand']
21.088132858276367	16	47	95	111	258	['Stand']
21.12274479866028	19	178	137	48	192	['Stand']
21.12274479866028	16	47	95	111	258	['Stand']
21.159278631210327	19	178	137	48	192	['Stand']
21.159278631210327	16	47	95	111	258	['Stand']
21.191179990768433	19	178	137	48	192	['Stand']
21.191179990768433	16	47	95	111	258	['Stand']
21.22520160675049	19	178	137	48	192	['Stand']
21.22520160675049	16	44	95	111	258	['Stand']
21.260871171951294	19	178	137	48	192	['Stand']
21.260871171951294	16	42	93	111	258	['Stand']
21.294087886810303	19	178	137	48	192	['Stand']
21.294087886810303	16	42	93	111	258	['Stand']
21.32891583442688	19	178	137	48	192	['Stand']
21.32891583442688	16	42	93	111	258	['Stand']
21.367536783218384	19	178	137	48	192	['Stand']
21.367536783218384	16	42	93	111	258	['Stand']
21.397603273391724	19	178	137	48	192	['Stand']
21.397603273391724	16	42	93	111	258	['Stand']
21.434332132339478	19	178	137	48	192	['Stand']
21.434332132339478	16	43	91	90	269	['Stand']
21.467636346817017	19	178	137	48	192	['Stand']
21.467636346817017	16	43	91	90	269	['Stand']
21.501518726348877	19	178	137	48	192	['Stand']
21.501518726348877	16	43	89	90	269	['Stand']
21.538008213043213	19	178	137	48	192	['Stand']
21.538008213043213	16	45	89	90	269	['Stand']
21.581109285354614	19	178	137	48	192	['Stand']
21.581109285354614	16	45	89	90	269	['Stand']
21.606170177459717	19	178	137	48	192	['Stand']
21.606170177459717	16	45	89	90	269	['Stand']
21.641047716140747	19	178	137	48	192	['Stand']
21.641047716140747	16	43	91	99	262	['Stand']
21.675973176956177	19	178	137	48	192	['Stand']
21.675973176956177	16	43	91	99	262	['Stand']
21.70927667617798	19	178	137	48	192	['Stand']
21.70927667617798	16	43	91	99	262	['Stand']
21.742278575897217	19	178	137	48	192	['Stand']
21.742278575897217	16	43	91	99	262	['Stand']
21.77990198135376	19	178	137	48	192	['Stand']
21.77990198135376	16	45	90	99	262	['Stand']
21.8117778301239	19	178	137	48	192	['Stand']
21.8117778301239	16	45	90	99	262	['Stand']
21.849555730819702	19	178	137	48	192	['Stand']
21.849555730819702	16	45	90	99	262	['Stand']
21.88280439376831	19	178	137	48	192	['Stand']
21.88280439376831	16	45	90	99	262	['Stand']
21.923051118850708	19	178	137	48	192	['Stand']
21.923051118850708	16	45	90	99	262	['Stand']
21.952702522277832	19	178	137	48	192	['Stand']
21.952702522277832	16	45	90	99	262	['Stand']
21.98757767677307	19	178	137	48	192	['Stand']
21.98757767677307	16	45	90	99	262	['Stand']
22.021820068359375	19	178	137	48	192	['Stand']
22.021820068359375	16	45	90	99	262	['Stand']
22.056549549102783	19	178	137	48	192	['Stand']
22.056549549102783	16	41	93	109	260	['Stand']
22.088117122650146	19	178	137	48	192	['Stand']
22.088117122650146	16	41	93	109	260	['Stand']
22.125298500061035	19	178	137	48	192	['Stand']
22.125298500061035	16	41	93	109	260	['Stand']
22.157761812210083	19	178	137	48	192	['Stand']
22.157761812210083	16	41	93	109	260	['Stand']
22.19240140914917	19	178	137	48	192	['Stand']
22.19240140914917	16	41	93	109	260	['Stand']
22.226500749588013	19	178	137	48	192	['Stand']
22.226500749588013	16	41	93	109	260	['Stand']
22.26261854171753	19	178	137	48	192	['Stand']
22.26261854171753	16	41	93	109	260	['Stand']
22.297035694122314	19	178	137	48	192	['Stand']
22.297035694122314	16	41	93	109	260	['Stand']
22.3300724029541	19	178	137	48	192	['Stand']
22.3300724029541	16	37	94	109	260	['Stand']
22.36375403404236	19	178	137	48	192	['Stand']
22.36375403404236	16	37	94	109	260	['Stand']
22.40195345878601	19	178	137	48	192	['Stand']
22.40195345878601	16	40	93	109	260	['Stand']
22.43354034423828	19	178	137	48	192	['Stand']
22.43354034423828	16	40	93	109	260	['Stand']
22.46683692932129	19	178	137	48	192	['Stand']
22.46683692932129	16	40	93	109	260	['Stand']
22.50481653213501	19	178	137	48	192	['Stand']
22.50481653213501	16	40	93	109	260	['Stand']
22.537581205368042	19	178	137	48	192	['Stand']
22.537581205368042	16	38	93	105	267	['Stand']
22.57677984237671	19	178	137	48	192	['Stand']
22.57677984237671	16	37	90	105	267	['Stand']
22.60577893257141	19	178	137	48	192	['Stand']
22.60577893257141	16	34	90	105	267	['Stand']
22.64036226272583	19	178	137	48	192	['Stand']
22.64036226272583	16	34	90	105	267	['Stand']
22.675774574279785	19	178	137	48	192	['Stand']
22.675774574279785	16	30	90	105	267	['Stand']
22.7105393409729	19	178	137	48	192	['Stand']
22.7105393409729	16	30	90	105	267	['Stand']
22.745246410369873	19	178	137	48	192	['Stand']
22.745246410369873	16	30	90	105	267	['Stand']
22.780587434768677	19	178	137	48	192	['Stand']
22.780587434768677	16	30	90	105	267	['Stand']
22.811747074127197	19	178	137	48	192	['Stand']
22.811747074127197	16	30	90	105	267	['Stand']
22.846384286880493	19	182	136	42	193	['Stand']
22.846384286880493	16	38	94	95	262	['Walk']
22.87986421585083	19	182	136	42	193	['Stand']
22.87986421585083	16	38	94	95	262	['Walk']
22.92391538619995	19	182	136	42	193	['Stand']
22.92391538619995	16	38	94	95	262	['Walk']
22.950873136520386	19	182	136	42	193	['Stand']
22.950873136520386	16	40	93	95	262	['Walk']
22.984739542007446	19	182	136	42	193	['Stand']
22.984739542007446	16	48	94	95	262	['Walk']
23.01893186569214	19	182	136	42	193	['Stand']
23.01893186569214	16	48	94	95	262	['Walk']
23.051989793777466	19	182	136	42	193	['Stand']
23.051989793777466	16	48	94	95	262	['Walk']
23.087014198303223	19	182	136	42	193	['Stand']
23.087014198303223	16	48	94	95	262	['Walk']
23.121628522872925	19	178	141	46	183	['Walk']
23.121628522872925	16	56	94	91	265	['Walk']
23.153688192367554	19	178	141	46	183	['Walk']
23.153688192367554	16	56	94	91	265	['Walk']
23.191039323806763	19	178	141	46	183	['Walk']
23.191039323806763	16	56	94	91	265	['Walk']
23.22637152671814	19	174	139	50	189	['Walk']
23.22637152671814	16	41	96	108	265	['Walk']
23.26528286933899	19	174	139	50	189	['Walk']
23.26528286933899	16	41	96	108	265	['Walk']
23.30087661743164	19	174	139	50	189	['Walk']
23.30087661743164	16	41	96	108	265	['Walk']
23.361732959747314	19	174	138	50	189	['Walk']
23.361732959747314	16	33	95	116	267	['Walk']
23.400424242019653	19	174	138	50	189	['Walk']
23.400424242019653	16	33	95	116	267	['Walk']
23.435166597366333	19	174	138	50	189	['Walk']
23.435166597366333	16	33	95	116	267	['Walk']
23.468852758407593	19	174	138	50	189	['Walk']
23.468852758407593	16	35	96	116	267	['Walk']
23.50672674179077	19	174	138	50	189	['Walk']
23.50672674179077	16	35	96	116	267	['Walk']
23.545470237731934	19	174	139	50	190	['Walk']
23.545470237731934	16	37	93	116	273	['Walk']
23.572078943252563	19	174	139	50	190	['Walk']
23.572078943252563	16	37	93	116	273	['Walk']
23.60772156715393	19	174	139	50	190	['Walk']
23.60772156715393	16	53	93	98	276	['Walk']
23.640307903289795	19	174	139	50	190	['Walk']
23.640307903289795	16	53	93	98	276	['Walk']
23.67356038093567	19	174	139	50	190	['Walk']
23.67356038093567	16	53	93	98	276	['Walk']
23.709089279174805	19	167	142	59	189	['Walk']
23.709089279174805	16	53	91	94	279	['Walk']
23.741958141326904	19	167	142	59	189	['Walk']
23.741958141326904	16	53	91	94	279	['Walk']
23.776588916778564	19	167	142	59	189	['Walk']
23.776588916778564	16	53	91	94	279	['Walk']
23.81200075149536	19	167	142	59	189	['Walk']
23.81200075149536	16	53	91	94	279	['Walk']
23.84792971611023	19	164	142	63	186	['Walk']
23.84792971611023	16	56	85	85	289	['Walk']
23.894023180007935	19	163	141	63	186	['Walk']
23.894023180007935	16	56	85	85	289	['Walk']
23.950429439544678	19	163	141	63	186	['Walk']
23.950429439544678	16	56	85	85	289	['Walk']
23.98518681526184	19	161	141	63	186	['Walk']
23.98518681526184	16	56	85	85	289	['Walk']
24.021218299865723	19	161	143	73	188	['Walk']
24.021218299865723	16	60	82	80	287	['Walk']
24.053197383880615	19	162	143	73	188	['Walk']
24.053197383880615	16	56	82	80	287	['Walk']
24.0887451171875	19	162	143	73	188	['Walk']
24.0887451171875	16	56	82	80	287	['Walk']
24.12255096435547	19	162	143	73	188	['Walk']
24.12255096435547	16	56	82	80	287	['Walk']
24.159672260284424	19	162	143	73	188	['Walk']
24.159672260284424	16	53	80	80	287	['Walk']
24.188047885894775	19	162	143	73	188	['Walk']
24.188047885894775	16	53	80	80	287	['Walk']
24.229042291641235	19	166	142	73	188	['Walk']
24.229042291641235	16	53	80	80	287	['Walk']
24.260147094726562	19	173	144	70	183	['Walk']
24.260147094726562	16	47	77	93	295	['Walk']
24.293718576431274	19	175	143	70	183	['Walk']
24.293718576431274	16	44	77	93	295	['Walk']
24.32855200767517	19	175	143	70	183	['Walk']
24.32855200767517	16	44	77	93	295	['Walk']
24.364043474197388	19	177	144	70	183	['Walk']
24.364043474197388	16	41	75	93	295	['Walk']
24.403017282485962	19	176	146	72	180	['Walk']
24.403017282485962	16	43	76	83	292	['Walk']
24.431925296783447	19	176	146	72	180	['Walk']
24.431925296783447	16	43	76	83	292	['Walk']
24.468668937683105	19	176	146	72	180	['Walk']
24.468668937683105	16	43	76	83	292	['Walk']
24.500210285186768	19	188	145	66	175	['Walk']
24.500210285186768	16	34	71	87	299	['Walk']
24.540172338485718	19	188	145	66	175	['Walk']
24.540172338485718	16	34	71	87	299	['Walk']
24.569395065307617	19	188	145	66	175	['Walk']
24.569395065307617	16	34	71	87	299	['Walk']
24.607640981674194	19	200	142	59	182	['Walk']
24.607640981674194	16	1	72	119	299	['Walk']
24.63828134536743	19	200	142	59	182	['Walk']
24.63828134536743	16	1	72	119	299	['Walk']
24.673836946487427	19	200	142	59	182	['Walk']
24.673836946487427	16	1	72	119	299	['Walk']
24.708236932754517	19	205	147	57	174	['Walk']
24.708236932754517	16	0	74	124	298	['Walk']
24.74211359024048	19	208	149	53	175	['Walk']
24.74211359024048	16	0	71	121	300	['Walk']
24.776421785354614	19	209	149	53	175	['Walk']
24.776421785354614	16	0	73	121	300	['Walk']
24.816155672073364	19	209	149	53	175	['Walk']
24.816155672073364	16	0	73	121	300	['Walk']
24.847211122512817	19	212	149	59	174	['Walk']
24.847211122512817	16	1	69	116	306	['Walk']
24.880524396896362	19	212	149	59	174	['Walk']
24.880524396896362	16	1	69	116	306	['Walk']
24.915583848953247	19	212	149	59	174	['Walk']
24.915583848953247	16	1	69	116	306	['Walk']
24.952805757522583	19	215	149	58	173	['Walk']
24.952805757522583	16	0	65	114	317	['Walk']
25.020345449447632	19	220	153	52	166	['Walk']
25.020345449447632	16	0	61	112	319	['Walk']
25.056169509887695	19	220	153	52	166	['Walk']
25.056169509887695	16	0	63	102	318	['Walk']
25.092541456222534	19	220	153	52	166	['Walk']
25.092541456222534	16	0	63	102	318	['Walk']
25.126029014587402	19	221	155	60	160	['Walk']
25.126029014587402	16	0	62	88	317	['Walk']
25.15684723854065	19	228	156	60	160	['Walk']
25.15684723854065	16	1	63	76	324	['Walk']
25.192265033721924	19	228	156	60	160	['Walk']
25.192265033721924	16	1	63	76	324	['Walk']
25.226439952850342	19	233	151	59	164	['Walk']
25.226439952850342	16	0	64	68	331	['Walk']
25.257394313812256	19	236	153	58	162	['Walk']
25.257394313812256	16	0	70	51	321	['Walk']
25.29516077041626	19	236	153	58	162	['Walk']
25.29516077041626	16	0	70	51	321	['Walk']
25.328922510147095	19	236	153	58	162	['Walk']
25.328922510147095	16	0	70	51	321	['Walk']
25.361316919326782	19	243	155	57	157	['Walk']
25.361316919326782	16	1	102	44	276	['Walk']
25.395377159118652	19	243	155	57	157	['Walk']
25.395377159118652	16	1	105	39	270	['Walk']
25.430724620819092	19	243	155	57	157	['Walk']
25.430724620819092	16	1	105	39	270	['Walk']
25.467385292053223	19	243	155	57	157	['Walk']
25.467385292053223	16	0	106	39	270	['Walk']
25.500083208084106	19	243	155	57	157	['Walk']
25.500083208084106	16	0	106	41	275	['Walk']
25.53418207168579	19	251	155	47	160	['Walk']
25.53418207168579	16	1	108	32	269	['Walk']
25.56793212890625	19	251	155	47	160	['Walk']
25.56793212890625	16	1	108	32	269	['Walk']
25.60146188735962	19	254	158	48	155	['Walk']
25.60146188735962	16	1	116	33	266	['Walk']
25.63746953010559	19	254	158	48	155	['Walk']
25.63746953010559	16	0	314	30	59	['Walk']
25.672669649124146	19	254	158	48	155	['Walk']
25.672669649124146	16	0	314	30	59	['Walk']
25.704604387283325	19	254	158	48	155	['Walk']
25.704604387283325	16	1	320	30	59	['Walk']
25.741804599761963	19	263	158	48	155	['Walk']
25.741804599761963	16	1	332	19	30	['Walk']
25.776317358016968	19	263	158	48	155	['Walk']
25.776317358016968	16	1	332	19	30	['Walk']
25.809813261032104	19	263	158	48	155	['Walk']
25.809813261032104	16	1	332	19	30	['Walk']
25.843462705612183	19	268	158	53	149	['Walk']
25.875865697860718	19	268	159	53	148	['Walk']
25.91328454017639	19	268	159	53	148	['Walk']
25.946224689483643	19	268	159	53	148	['Walk']
25.981512546539307	19	273	159	53	148	['Walk']
26.0172336101532	19	275	158	53	148	['Walk']
26.051397800445557	19	275	158	53	148	['Walk']
26.086520433425903	19	276	164	53	139	['Walk']
26.12004852294922	19	277	164	53	139	['Walk']
26.16372036933899	19	277	164	53	139	['Walk']
26.191179513931274	19	277	164	53	139	['Walk']
26.22244644165039	19	277	164	53	139	['Walk']
26.257148027420044	19	278	164	53	139	['Walk']
26.296674251556396	19	278	164	53	139	['Walk']
26.325847864151	19	282	164	53	139	['Walk']
26.36560559272766	19	282	164	53	139	['Walk']
26.39805507659912	19	282	164	53	139	['Walk']
26.433496713638306	19	285	167	46	122	['Walk']
26.46450400352478	19	288	168	46	122	['Walk']
26.497986555099487	19	290	167	46	122	['Walk']
26.539897918701172	19	290	167	46	122	['Walk']
26.568687677383423	19	293	167	46	120	['Walk']
26.60806941986084	19	293	167	46	120	['Walk']
26.640537977218628	19	293	167	46	120	['Walk']
26.672278881072998	19	297	167	40	122	['Walk']
26.710310220718384	19	297	167	40	122	['Walk']
26.743841886520386	19	300	169	40	122	['Walk']
26.77526617050171	19	300	169	40	122	['Walk']
26.80947232246399	19	304	168	40	122	['Walk']
26.845085382461548	19	306	167	40	122	['Walk']
26.87819194793701	19	306	167	40	122	['Walk']
26.912242889404297	19	308	165	40	122	['Walk']
26.951192378997803	19	311	165	40	122	['Walk']
26.98333477973938	19	313	171	39	115	['Walk']
27.016212940216064	19	313	171	39	115	['Walk']
27.061084508895874	19	317	169	39	115	['Walk']
27.08802032470703	19	317	171	39	115	['Walk']
27.120911359786987	19	317	171	39	115	['Walk']
27.15484070777893	19	319	171	39	115	['Walk']
27.189201831817627	19	319	171	39	115	['Walk']
27.22429084777832	19	319	171	39	115	['Walk']
27.256659507751465	19	319	171	39	115	['Walk']
27.292874336242676	19	319	171	39	115	['Walk']
27.32828950881958	19	319	171	39	115	['Walk']
27.36872124671936	19	319	171	39	115	['Walk']
27.397369384765625	19	322	172	39	113	['Walk']
27.430010318756104	19	327	172	39	111	['Walk']
27.465439558029175	19	327	172	39	111	['Walk']
27.499008655548096	19	327	172	39	111	['Walk']
27.532703161239624	19	337	174	22	102	['Walk']
27.568055391311646	19	337	174	22	102	['Walk']
27.601984977722168	19	337	174	22	102	['Walk']
27.6368191242218	19	339	173	24	107	['Walk']
27.67203688621521	19	339	173	24	107	['Walk']
27.705782890319824	19	345	174	14	104	['Walk']
27.740640878677368	19	345	174	14	104	['Walk']
27.813808917999268	19	348	178	11	106	['Walk']
27.84719467163086
27.88014030456543
27.915239572525024
27.953417778015137
27.98402714729309
28.01918935775757
28.05040740966797
28.086360454559326
28.119205713272095
28.15534520149231
28.192837715148926
28.223730325698853
28.259482622146606
28.29122829437256
28.33547806739807
28.3619065284729
28.396360397338867
28.43004035949707
28.468201637268066
28.50480890274048
28.53691840171814
28.568984270095825
28.602099180221558
28.638392210006714
28.67322301864624
28.704476356506348
28.74042797088623
28.774597883224487
28.813899517059326
28.843510627746582
28.882261514663696
28.91439700126648
28.9470956325531
28.97923254966736
29.017499208450317
29.05017876625061
29.092316389083862
29.152299642562866
29.186962604522705
29.222779035568237
29.26082491874695
29.291767358779907
29.326553344726562
29.360386848449707
29.412492752075195
29.461988925933838
29.503089427947998
29.53205680847168
29.570539712905884
29.60723900794983
29.638248920440674
29.68546772003174
29.707281351089478
29.74011206626892
29.77700114250183
29.809340953826904
29.84551239013672
29.878467082977295
29.914915323257446
29.94628071784973
29.980212211608887
30.015620708465576
30.050009727478027
30.08738875389099
30.122182607650757
30.15476632118225
30.18893790245056
30.21961784362793
